sample,treatment,age,generation,lifestage,headspine,bodylength,tailspine,totalbodysize,eyediameter,line,ID
1.001,induced,1,1,neonate,262,496,369,1177,34,1,1
1.001,induced,3,1,juvenile,369,604,438,1404,47,1,1
1.001,induced,5,1,juvenile,634,998,865,2467,76,1,1
1.001,induced,7,1,adult,1069,1241,767,3055,96,1,1
1.001,induced,9,1,adult,855,1592,1364,3723,,1,1
1.001,induced,11,1,adult,863,1784,1519,4047,132,1,1
1.001,induced,13,1,adult,846,1735,1530,4042,109,1,1
1.001,induced,15,1,adult,847,1899,1613,4271,115,1,1
1.001,induced,17,1,adult,841,2035,1705,4509,130,1,1
1.001,induced,19,1,geriatric,775,2000,1655,4389,136,1,1
1.002,control,1,1,neonate,317,521,389,1224,31,2,2
1.002,control,3,1,juvenile,381,642,455,1470,42,2,2
1.002,control,5,1,juvenile,596,1054,714,2340,75,2,2
1.002,control,7,1,adult,934,1379,703,3012,95,2,2
1.002,control,9,1,adult,831,1758,1241,3741,99,2,2
1.002,control,11,1,adult,804,1684,1230,3661,103,2,2
1.002,control,13,1,adult,757,1822,1367,3933,120,2,2
1.002,control,15,1,adult,771,1786,1314,3881,130,2,2
1.002,control,17,1,adult,782,2029,1402,4246,160,2,2
1.003,induced,1,1,neonate,289,527,349,1185,41,3,3
1.003,induced,3,1,juvenile,427,648,460,1513,53,3,3
1.003,induced,5,1,juvenile,716,1098,883,2667,72,3,3
1.003,induced,7,1,adult,836,1383,1150,3300,97,3,3
1.003,induced,11,1,adult,925,1648,1409,3962,111,3,3
1.003,induced,13,1,adult,927,1747,1502,4167,133,3,3
1.003,induced,15,1,adult,887,1898,1624,4324,127,3,3
1.003,induced,17,1,adult,907,1952,1645,4449,153,3,3
1.003,induced,19,1,geriatric,838,1908,1526,4239,130,3,3
1.003,induced,21,1,geriatric,780,1858,1555,4177,137,3,3
1.003,induced,23,1,geriatric,843,2047,1556,4394,136,3,3
1.003,induced,25,1,geriatric,803,2097,1618,4464,192,3,3
1.004,control,1,1,neonate,267,523,384,1158,41,4,4
1.004,control,3,1,juvenile,381,643,424,1425,62,4,4
1.004,control,5,1,juvenile,639,1106,775,2448,71,4,4
1.004,control,7,1,adult,736,1422,1026,3179,113,4,4
1.004,control,9,1,adult,759,1610,1248,3616,93,4,4
1.004,control,11,1,adult,753,1661,1293,3655,113,4,4
1.004,control,13,1,adult,775,1847,1415,3943,119,4,4
1.004,control,15,1,adult,727,1999,1491,4162,106,4,4
1.004,control,17,1,adult,750,2047,1548,4297,138,4,4
1.005,induced,1,1,neonate,292,519,370,1196,35,5,5
1.005,induced,3,1,juvenile,410,640,463,1499,61,5,5
1.005,induced,5,1,juvenile,692,1031,859,2538,79,5,5
1.005,induced,7,1,adult,857,1383,1165,3361,104,5,5
1.005,induced,9,1,adult,1017,1605,1419,3959,95,5,5
1.005,induced,11,1,adult,938,1621,1437,3889,121,5,5
1.005,induced,13,1,adult,946,1769,1552,4166,112,5,5
1.005,induced,15,1,adult,959,1942,1599,4451,139,5,5
1.005,induced,17,1,adult,950,1970,1642,4521,147,5,5
1.005,induced,19,1,geriatric,829,1973,1526,4292,129,5,5
1.005,induced,21,1,geriatric,830,1938,1521,4186,132,5,5
1.005,induced,23,1,geriatric,826,2104,1529,4398,177,5,5
1.006,control,1,1,neonate,311,539,387,1230,33,6,6
1.006,control,3,1,juvenile,399,644,451,1477,52,6,6
1.006,control,5,1,juvenile,640,1086,821,2524,79,6,6
1.006,control,7,1,adult,767,1414,1091,3246,92,6,6
1.006,control,9,1,adult,831,1681,1235,3697,103,6,6
1.006,control,11,1,adult,814,1668,1284,3739,125,6,6
1.006,control,15,1,adult,757,1997,1189,3872,118,6,6
1.007,induced,1,1,neonate,276,515,372,1170,37,7,7
1.007,induced,3,1,juvenile,402,634,481,1489,54,7,7
1.007,induced,5,1,juvenile,649,1033,847,2474,83,7,7
1.007,induced,7,1,adult,696,1078,923,2654,89,7,7
1.007,induced,9,1,adult,707,1160,996,2807,74,7,7
1.007,induced,11,1,adult,789,1329,1106,3092,74,7,7
1.007,induced,13,1,adult,763,1440,1130,3346,80,7,7
1.007,induced,15,1,adult,817,1557,1189,3451,101,7,7
1.007,induced,17,1,adult,673,1755,1317,3682,121,7,7
1.007,induced,19,1,geriatric,703,1810,1180,3579,126,7,7
1.007,induced,21,1,geriatric,655,1707,1071,3382,100,7,7
1.007,induced,23,1,geriatric,688,1890,942,3485,141,7,7
1.007,induced,25,1,geriatric,657,1951,983,3522,153,7,7
1.007,induced,28,1,geriatric,599,1945,863,3438,127,7,7
1.007,induced,29,1,geriatric,699,1998,861,3457,121,7,7
1.007,induced,31,1,geriatric,668,2155,859,3594,154,7,7
1.008,control,1,1,neonate,292,510,387,1177,34,8,8
1.008,control,3,1,juvenile,383,628,458,1439,48,8,8
1.008,control,5,1,juvenile,618,1065,854,2528,80,8,8
1.008,control,7,1,adult,770,1421,1144,3269,103,8,8
1.008,control,9,1,adult,795,1684,1070,3425,114,8,8
1.008,control,11,1,adult,792,1533,1186,3522,100,8,8
1.008,control,13,1,adult,764,2022,1593,4370,118,8,8
1.008,control,15,1,adult,731,2085,1665,4466,125,8,8
1.008,control,17,1,adult,784,2195,1772,4700,118,8,8
1.009,induced,1,1,juvenile,290,502,337,1136,32,9,9
1.009,induced,3,1,juvenile,405,611,381,1384,59,9,9
1.009,induced,5,1,juvenile,654,975,706,2295,68,9,9
1.009,induced,7,1,adult,802,1337,1015,3095,85,9,9
1.009,induced,9,1,adult,762,1317,992,3000,97,9,9
1.009,induced,11,1,adult,799,1518,1213,3512,106,9,9
1.009,induced,13,1,adult,775,1723,1398,3795,128,9,9
1.009,induced,15,1,adult,757,1880,1440,3975,125,9,9
1.009,induced,17,1,adult,717,1950,1468,4029,149,9,9
1.009,induced,19,1,geriatric,716,1874,1573,4220,122,9,9
1.009,induced,21,1,geriatric,738,2069,,,141,9,9
1.009,induced,23,1,geriatric,736,2040,1093,3824,137,9,9
1.009,induced,25,1,geriatric,708,2009,1195,3889,131,9,9
1.009,induced,28,1,geriatric,718,2033,941,3565,135,9,9
1.009,induced,29,1,geriatric,746,1991,945,3585,128,9,9
1.009,induced,31,1,geriatric,745,2078,859,3547,115,9,9
2.001,control,1,2,neonate,286,500,425,1183,37,2,10
2.001,control,5,2,juvenile,505,807,702,1987,68,2,10
2.001,control,7,2,adult,586,1031,818,2409,75,2,10
2.001,control,9,2,adult,646,1225,992,2796,80,2,10
2.002,control,1,2,neonate,266,502,435,1189,30,2,11
2.002,control,3,2,juvenile,414,663,550,1592,52,2,11
2.002,control,5,2,juvenile,497,818,681,1994,78,2,11
2.003,control,1,2,neonate,300,479,430,1179,28,2,12
2.003,control,3,2,juvenile,405,664,439,1497,49,2,12
2.003,control,5,2,juvenile,507,814,487,1795,72,2,12
2.003,control,7,2,adult,616,1034,676,2296,81,2,12
2.003,control,9,2,adult,712,1278,890,2826,102,2,12
2.003,control,11,2,adult,754,1404,1019,3144,92,2,12
2.003,control,13,2,adult,730,1374,1028,3068,104,2,12
2.004,control,1,2,neonate,274,494,448,1170,32,2,13
2.004,control,3,2,juvenile,410,624,517,1557,47,2,13
2.004,control,5,2,juvenile,508,813,670,1953,68,2,13
2.004,control,7,2,adult,604,1023,898,2460,81,2,13
2.004,control,9,2,adult,711,1243,1142,3058,76,2,13
2.004,control,11,2,adult,773,1408,1229,3353,90,2,13
2.004,control,13,2,adult,731,1378,1226,3317,97,2,13
2.005,control,1,2,neonate,272,498,412,1188,34,2,14
2.005,control,3,2,juvenile,435,627,546,1581,52,2,14
2.005,control,5,2,juvenile,520,800,694,2017,76,2,14
2.005,control,7,2,adult,596,1013,807,2382,80,2,14
2.005,control,9,2,adult,692,1259,1072,2983,107,2,14
2.005,control,11,2,adult,669,1250,1031,2918,85,2,14
3.001,control,1,2,neonate,321,478,416,1209,32,3,15
3.001,control,3,2,juvenile,457,602,527,1566,41,3,15
3.002,control,1,2,neonate,311,467,422,1207,31,3,16
3.002,induced,5,2,juvenile,640,1018,882,2488,68,3,16
3.002,induced,7,2,adult,702,1269,1115,3051,86,3,16
3.002,induced,9,2,adult,689,1271,1080,3030,109,3,16
3.003,induced,1,2,neonate,322,469,439,1233,33,3,17
3.003,induced,3,2,juvenile,447,603,513,1535,52,3,17
3.003,induced,5,2,juvenile,526,777,690,1960,62,3,17
3.003,induced,7,2,adult,726,1225,1105,2989,75,3,17
3.003,induced,9,2,adult,702,1246,1095,3012,96,3,17
3.003,induced,11,2,adult,753,1337,1135,3146,98,3,17
3.003,induced,13,2,adult,728,1334,1104,3100,98,3,17
3.004,induced,1,2,neonate,308,492,443,1237,39,3,18
3.005,induced,1,2,neonate,291,497,456,1241,31,3,19
3.006,induced,1,2,neonate,326,504,460,1281,39,3,20
4.001,control,1,2,neonate,290,480,414,1192,30,4,21
4.001,control,3,2,juvenile,412,627,516,1549,50,4,21
4.001,control,5,2,juvenile,705,1087,968,2698,70,4,21
4.001,control,11,2,adult,814,1455,1110,3335,112,4,21
4.001,control,15,2,adult,746,1550,1193,3428,111,4,21
4.001,control,17,2,geriatric,753,1555,1162,3112,122,4,21
4.001,control,20,2,geriatric,679,1514,,,105,4,21
4.001,control,21,2,geriatric,675,1474,,,118,4,21
4.001,control,23,2,geriatric,722,1661,,,124,4,21
4.002,control,1,2,neonate,294,498,438,1238,33,4,22
4.002,control,3,2,juvenile,388,616,537,1520,56,4,22
4.002,control,5,2,juvenile,644,1055,951,2615,68,4,22
4.002,control,7,2,adult,667,1243,970,2863,71,4,22
4.002,control,9,2,adult,724,1332,1040,3086,99,4,22
4.003,control,1,2,neonate,311,538,457,1269,38,4,23
4.003,control,3,2,juvenile,422,636,532,1579,51,4,23
4.003,control,5,2,juvenile,549,832,697,2006,76,4,23
4.003,control,7,2,adult,645,1019,918,2501,87,4,23
4.004,control,1,2,neonate,296,505,458,1230,38,4,24
4.004,control,11,2,adult,743,1468,1241,3428,106,4,24
4.004,control,13,2,adult,724,1438,1196,3373,113,4,24
4.004,control,15,2,adult,702,1527,1255,3425,112,4,24
4.004,control,17,2,geriatric,726,1640,1362,3751,126,4,24
4.004,control,20,2,geriatric,695,1636,1305,3592,130,4,24
4.004,control,21,2,geriatric,722,1721,1400,3838,149,4,24
4.004,control,23,2,geriatric,715,1736,1357,3808,139,4,24
4.004,control,5,2,juvenile,658,1105,937,2664,80,4,24
4.004,control,7,2,adult,681,1054,991,2634,87,4,24
4.004,control,9,2,adult,786,1334,1173,3221,88,4,24
4.005,control,1,2,neonate,281,486,435,1185,40,4,25
4.005,control,3,2,juvenile,420,615,497,1495,55,4,25
4.005,control,7,2,adult,754,1269,1079,3033,90,4,25
5.001,induced,1,2,neonate,280,468,380,1123,33,5,26
5.001,induced,7,2,adult,828,1489,1227,3455,106,5,26
5.002,induced,1,2,neonate,308,490,467,1252,36,5,27
5.002,induced,3,2,juvenile,440,617,546,1593,55,5,27
5.002,induced,5,2,juvenile,705,1046,1029,2733,80,5,27
5.002,induced,6,2,juvenile,736,1092,1030,2807,94,5,27
5.002,induced,9,2,adult,798,1419,1342,3465,125,5,27
5.003,induced,1,2,neonate,321,512,481,1296,40,5,28
5.003,induced,3,2,juvenile,480,627,581,1641,62,5,28
5.003,induced,5,2,juvenile,743,1096,1049,2832,89,5,28
5.003,induced,7,2,adult,846,1397,1348,3521,104,5,28
5.003,induced,9,2,adult,834,1426,1302,3523,99,5,28
5.004,induced,1,2,neonate,310,497,443,1252,47,5,29
5.004,induced,5,2,juvenile,733,1079,1000,2750,76,5,29
5.004,induced,7,2,adult,829,1331,1225,3358,90,5,29
5.005,induced,1,2,neonate,327,519,454,1303,39,5,30
5.005,induced,7,2,adult,643,967,817,2335,77,5,30
6.001,control,1,2,neonate,306,493,422,1226,38,6,31
6.002,control,1,2,neonate,279,470,405,1149,38,6,32
6.002,control,3,2,juvenile,546,787,616,1947,60,6,32
6.002,control,5,2,juvenile,564,956,763,2295,67,6,32
6.003,control,1,2,neonate,294,458,412,1151,34,6,33
6.003,control,3,2,juvenile,539,792,690,1980,40,6,33
6.003,control,5,2,juvenile,626,978,848,2404,66,6,33
6.003,control,7,2,adult,754,1265,1094,3091,89,6,33
6.003,control,9,2,adult,819,1540,1347,3612,110,6,33
6.003,control,11,2,adult,814,1488,1290,3545,108,6,33
6.003,control,13,2,adult,781,1531,1285,3501,102,6,33
6.003,control,15,2,adult,784,1605,1324,3597,107,6,33
6.003,control,17,2,geriatric,833,1654,1270,3695,130,6,33
6.003,control,20,2,geriatric,700,1662,1239,3569,124,6,33
6.003,control,21,2,geriatric,728,1615,1202,3486,134,6,33
6.003,control,23,2,geriatric,735,1727,,,131,6,33
6.004,control,1,2,neonate,298,481,436,1208,34,6,34
6.005,control,3,2,juvenile,393,594,475,1441,55,6,35
6.005,control,5,2,juvenile,573,946,841,2346,77,6,35
6.005,control,7,2,adult,689,1241,1048,3006,95,6,35
7.001,induced,1,2,neonate,272,490,427,1190,37,1,36
7.002,induced,1,2,neonate,271,478,404,1164,36,1,37
7.003,induced,1,2,neonate,296,500,441,1231,35,1,38
7.004,induced,1,2,neonate,291,493,406,1213,37,1,39
7.005,induced,1,2,neonate,296,508,402,1201,35,1,40
7.005,induced,5,2,juvenile,680,1044,949,2621,80,1,40
7.005,induced,7,2,adult,676,1067,936,2652,75,1,40
7.006,induced,1,2,neonate,309,494,415,1194,36,1,41
8.001,induced,1,2,neonate,275,434,372,1093,44,7,42
8.001,induced,3,2,juvenile,705,990,911,2552,83,7,42
8.001,induced,5,2,juvenile,777,1196,1102,3038,102,7,42
8.002,induced,1,2,neonate,254,449,388,1067,39,7,43
8.002,induced,3,2,juvenile,683,1013,889,2528,86,7,43
8.002,induced,5,2,juvenile,770,1270,1120,3100,101,7,43
8.002,induced,7,2,adult,740,1329,1230,3204,88,7,43
8.002,induced,9,2,adult,795,1514,1329,3555,100,7,43
8.002,induced,11,2,adult,843,1595,1442,3818,134,7,43
8.002,induced,13,2,adult,806,1672,1504,3900,109,7,43
8.002,induced,16,2,adult,753,1749,1506,323,108,7,43
8.002,induced,17,2,geriatric,758,1700,1481,3912,129,7,43
8.002,induced,19,2,geriatric,793,1852,1571,4195,129,7,43
8.002,induced,21,2,geriatric,798,1826,1542,4104,134,7,43
9.001,control,1,2,neonate,425,674,507,1697,52,8,44
9.001,control,3,2,juvenile,541,822,626,1948,63,8,44
9.001,control,5,2,juvenile,636,1074,828,2498,89,8,44
9.002,control,1,2,neonate,380,620,482,1462,41,8,45
9.003,control,1,2,neonate,393,645,498,1528,43,8,46
9.003,control,3,2,juvenile,513,823,469,1777,58,8,46
9.003,control,5,2,adult,621,1040,629,2254,85,8,46
9.004,control,1,2,neonate,397,645,507,1533,44,8,47
9.004,control,3,2,juvenile,504,829,649,1965,64,8,47
9.004,control,5,2,juvenile,611,1021,854,2473,82,8,47
10.001,induced,1,2,neonate,435,553,536,1522,45,9,48
10.001,induced,3,2,juvenile,550,702,651,1895,52,9,48
10.001,induced,5,2,juvenile,622,947,865,2382,72,9,48
10.002,induced,1,2,neonate,440,587,521,1529,48,9,49
10.002,induced,3,2,juvenile,690,1027,956,2642,67,9,49
10.002,induced,5,2,juvenile,797,1325,1118,3165,96,9,49
10.002,induced,7,2,adult,801,1337,1132,3238,80,9,49
10.003,induced,1,2,neonate,470,590,542,1581,47,9,50
10.003,induced,3,2,juvenile,516,709,664,1843,69,9,50
10.003,induced,5,2,juvenile,610,946,846,2367,85,9,50
10.003,induced,7,2,adult,723,1247,1090,2995,97,9,50
10.003,induced,9,2,adult,728,1338,1192,3253,103,9,50
10.003,induced,11,2,adult,755,1530,1310,3544,105,9,50
10.003,induced,13,2,adult,788,1555,1351,3632,111,9,50
10.003,induced,15,2,adult,793,1697,,,130,9,50
10.003,induced,18,2,geriatric,715,1754,1254,3465,113,9,50
10.003,induced,19,2,geriatric,671,1707,1323,3403,123,9,50
10.003,induced,21,2,geriatric,730,2070,1348,,122,9,50
10.003,induced,23,2,geriatric,716,1875,1532,,123,9,50
10.003,induced,25,2,geriatric,738,1945,1573,,127,9,50
10.004,induced,1,2,neonate,420,571,536,1476,37,9,51
11.001,induced,1,2,neonate,484,658,565,1685,45,3,52
11.001,induced,3,2,juvenile,583,826,688,2034,68,3,52
11.001,induced,5,2,juvenile,605,916,725,2186,82,3,52
11.001,induced,7,2,adult,626,913,698,2191,77,3,52
11.001,induced,9,2,adult,614,873,674,2111,63,3,52
11.001,induced,11,2,adult,619,927,702,2227,65,3,52
11.002,induced,1,2,neonate,430,634,530,1574,45,3,53
11.002,induced,5,2,juvenile,650,1014,872,2551,90,3,53
11.003,induced,1,2,neonate,449,656,583,1655,53,3,54
11.003,induced,3,2,juvenile,581,829,761,2146,59,3,54
11.003,induced,5,2,juvenile,654,988,834,2456,78,3,54
11.004,induced,1,2,neonate,426,641,538,1596,38,3,55
11.004,induced,5,2,juvenile,651,1064,839,2518,84,3,55
11.005,induced,1,2,neonate,434,654,548,1626,52,3,56
11.005,induced,3,2,juvenile,526,814,668,1969,61,3,56
11.005,induced,5,2,juvenile,640,1001,792,2373,75,3,56
11.006,induced,1,2,neonate,459,674,591,1687,43,3,57
11.006,induced,3,2,juvenile,612,803,681,2086,70,3,57
12.001,,1,2,neonate,297,558,446,1299,47,4,58
12.002,,1,2,neonate,295,560,445,1296,49,4,59
12.002,,3,2,juvenile,511,870,656,1986,67,4,59
12.002,,5,2,juvenile,527,902,715,2079,70,4,59
12.002,,7,2,adult,579,1027,875,2407,82,4,59
12.002,,9,2,adult,599,1168,931,2613,83,4,59
12.002,,11,2,adult,604,1187,938,2679,89,4,59
12.002,,13,2,adult,701,1346,1120,3102,108,4,59
12.002,,16,2,adult,707,1427,1167,3220,105,4,59
12.002,,17,2,geriatric,716,1394,1158,3206,123,4,59
12.002,,19,2,geriatric,811,1633,1361,3838,116,4,59
12.002,,21,2,geriatric,762,1764,1506,4008,130,4,59
12.002,,23,2,geriatric,771,1717,1460,3927,135,4,59
12.003,,1,2,neonate,280,565,459,1300,32,4,60
12.004,,1,2,neonate,297,519,434,1245,41,4,61
12.004,,3,2,juvenile,524,872,712,2061,64,4,61
12.005,,1,2,neonate,264,496,398,1164,44,4,62
12.006,,1,2,neonate,279,521,408,1193,43,4,63
12.006,,3,2,juvenile,418,675,512,1576,54,4,63
13.001,induced,1,2,neonate,487,673,582,1707,53,5,64
13.001,induced,3,2,juvenile,602,842,685,2110,76,5,64
13.001,induced,5,2,juvenile,628,1007,928,2569,71,5,64
13.002,induced,1,2,neonate,458,672,597,1649,44,5,65
13.002,induced,1,2,neonate,421,615,540,1557,49,5,65
13.003,induced,3,2,juvenile,580,833,722,2091,58,5,66
13.004,induced,1,2,neonate,455,718,596,1738,57,5,67
13.004,,3,2,juvenile,550,798,661,1967,61,5,67
13.004,,5,2,,606,951,741,2302,74,5,67
14.001,,1,2,,435,592,512,1547,47,6,68
14.001,,3,2,,491,705,597,1834,58,6,68
14.001,,5,2,,607,912,854,2417,57,6,68
14.002,,1,2,,431,582,538,1575,43,6,69
14.002,,3,2,,481,689,651,1842,51,6,69
14.003,,1,2,,439,598,514,1572,40,6,70
14.003,,3,2,,490,700,562,1751,49,6,70
14.003,,5,2,,614,879,859,2399,78,6,70
14.003,,7,2,,640,1123,975,2663,85,6,70
14.003,,9,2,,670,1129,1059,2919,96,6,70
14.003,,11,2,,677,1157,1122,2991,100,6,70
14.004,,1,2,,419,572,569,1598,54,6,71
14.004,,3,2,,469,700,623,1837,56,6,71
14.005,,1,2,,405,590,488,1481,49,6,72
14.006,,1,2,,412,539,535,1548,43,6,73
14.006,,3,2,,480,685,618,1825,56,6,73
14.006,,5,2,,530,790,744,2114,65,6,73
15.001,,1,2,,287,471,455,1209,38,7,74
15.002,,1,2,,278,472,421,1171,44,7,75
16.001,,1,2,,283,490,422,1233,29,8,76
16.001,,3,2,,354,573,483,1451,47,8,76
16.002,,1,2,,301,498,441,1258,34,8,77
16.003,,1,2,,262,501,413,1198,35,8,78
16.003,,3,2,,395,581,515,1528,53,8,78
16.003,,5,2,,449,646,613,1743,58,8,78
16.004,,1,2,,307,496,455,1282,32,8,79
16.005,,1,2,,316,482,465,1271,32,8,80
16.005,,3,2,,367,569,497,1479,41,8,80
16.005,,5,2,,418,670,602,1724,57,8,80
16.006,,1,2,,294,491,439,1256,38,8,81
17.001,,1,2,,313,555,394,1264,46,9,82
17.002,,1,2,,288,496,400,1179,42,9,83
17.003,,1,2,,302,524,411,1236,45,9,84
17.003,,3,2,,433,653,530,1610,67,9,84
17.004,,1,2,,305,517,455,1296,42,9,85
17.004,,3,2,,437,684,549,1672,57,9,85
17.005,,1,2,,299,597,499,1391,54,9,86
17.005,,3,2,,435,680,595,1703,72,9,86
17.005,,5,2,,514,795,669,1955,80,9,86
17.006,,1,2,,305,525,505,1363,50,9,87
17.006,,3,2,,478,665,603,1731,55,9,87
17.006,,5,2,,562,816,619,1960,74,9,87
17.006,,7,2,,604,880,861,2410,94,9,87
17.006,,9,2,,636,1081,843,2482,103,9,87
17.006,,11,2,,703,1254,1058,3005,110,9,87
17.006,,13,2,,790,1421,1235,3459,120,9,87
17.006,,16,2,,808,1536,1293,3614,136,9,87
17.006,,17,2,,780,1482,1278,3410,128,9,87
17.006,,19,2,,785,1537,1363,3569,145,9,87
17.006,,21,2,,789,1695,1463,3878,146,9,87
17.006,,23,2,,766,1813,1481,3981,152,9,87
17.006,,25,2,,781,1801,1439,3931,145,9,87
17.006,,27,2,,672,1810,1510,3980,151,9,87
17.006,,29,2,,698,1935,1475,4094,165,9,87
17.006,,31,2,,667,1944,1568,4106,156,9,87
17.006,,33,2,,629,2108,1699,4345,178,9,87
17.006,,37,2,,617,2178,1658,4433,183,9,87
17.006,,39,2,,593,2225,1442,4219,181,9,87
17.006,,41,2,,598,2165,1477,4244,189,9,87
17.006,,43,2,,559,2222,1450,4150,189,9,87
17.006,,45,2,,522,2203,1253,4206,181,9,87
17.006,,47,2,,543,2252,1264,3982,197,9,87
17.006,,49,2,,535,2196,1267,3997,163,9,87
17.006,,51,2,,598,2442,1383,4419,201,9,87
17.006,,53,2,,531,2199,1270,3986,178,9,87
18.001,,1,2,,425,591,585,1644,58,1,88
18.001,,3,2,,439,624,615,1707,53,1,88
18.002,,2,2,,468,621,611,1727,43,1,89
18.002,,3,2,,545,719,668,1977,47,1,89
18.002,,5,2,,545,709,684,1965,46,1,89
18.002,,7,2,,542,703,651,1918,47,1,89
18.002,,9,2,,556,722,684,2010,49,1,89
18.003,,1,2,,461,596,595,1684,44,1,90
18.004,,1,2,,424,633,573,1601,42,1,91
18.004,,3,2,,430,665,590,1640,47,1,91
18.005,,1,2,,506,620,611,1758,42,1,92
18.005,,3,2,,595,760,661,2054,62,1,92
18.005,,5,2,,608,747,657,2054,53,1,92
18.005,,7,2,,588,756,651,2041,58,1,92
18.006,,1,2,,457,614,583,1690,49,1,93
19.001,,1,2,,262,537,447,1225,49,2,94
19.002,,1,2,,296,539,402,1213,41,2,95
19.003,,1,2,,335,533,452,1280,43,2,96
19.004,,1,2,,295,517,429,1241,42,2,97
19.005,,1,2,,319,521,447,1282,41,2,98
19.005,,3,2,,398,624,458,1444,57,2,98
19.006,,1,2,,302,520,434,1226,38,2,99
20.001,,1,3,,248,456,386,1102,29,4,100
20.002,,1,3,,260,445,415,1134,27,4,101
20.003,,1,3,,254,462,400,1124,29,4,102
21.001,,1,3,,279,534,387,1188,41,5,103
21.001,,3,3,,313,528,398,1198,46,5,103
21.001,,5,3,,334,572,376,1279,52,5,103
21.001,,7,3,,362,616,409,1369,56,5,103
21.001,,10,3,,407,639,404,1413,57,5,103
21.001,,11,3,,537,809,NA,NA,68,5,103
21.001,,15,3,,623,1155,NA,NA,85,5,103
21.002,,1,3,,255,504,371,1118,42,5,104
21.003,,1,3,,253,519,367,1126,42,5,105
22.001,,1,3,,242,479,416,1094,33,6,106
22.001,,3,3,,245,467,384,1095,28,6,106
22.002,,1,3,,266,520,426,1188,27,6,107
22.003,,1,3,,255,493,416,1136,23,6,108
22.003,,3,3,,266,491,363,1021,31,6,108
22.004,,1,3,,261,465,446,1183,27,6,109
22.005,,1,3,,268,438,392,1128,30,6,110
22.006,,1,3,,274,459,416,1166,28,6,111
23.001,,1,2,,278,571,421,1259,45,7,112
23.002,,1,2,,266,530,422,1225,44,7,113
23.002,,3,2,,343,655,484,1462,49,7,113
23.002,,5,2,,366,710,564,1552,59,7,113
23.002,,7,2,,563,963,699,2156,75,7,113
23.002,,10,2,,663,1178,941,2770,95,7,113
23.002,,11,2,,695,1145,970,2736,92,7,113
23.002,,13,2,,785,1477,1218,3429,122,7,113
23.002,,15,2,,764,1639,1406,3768,125,7,113
23.003,,1,2,,279,565,422,1258,44,7,114
23.003,,3,2,,348,641,434,1388,50,7,114
23.003,,5,2,,346,657,434,1419,53,7,114
23.004,,1,2,,272,570,442,1258,39,7,115
23.004,,3,2,,354,621,423,1374,50,7,115
23.005,,1,2,,289,577,457,1271,41,7,116
23.006,,1,2,,267,557,428,1245,40,7,117
24.001,,1,2,,241,436,371,1070,32,8,118
24.002,,1,2,,239,443,378,1067,27,8,119
24.003,,1,2,,275,465,396,1163,32,8,120
24.004,,1,2,,290,461,435,1191,34,8,121
24.005,,1,2,,243,449,392,1089,29,8,122
24.006,,1,2,,250,455,407,1131,28,8,123
25.001,,1,2,,306,598,468,1360,46,1,124
25.002,,1,2,,302,582,440,1272,47,1,125
25.003,,1,2,,304,565,436,1275,43,1,126
26.001,,1,3,,271,435,417,1131,28,2,127
26.002,,1,3,,255,444,386,1121,24,2,128
26.003,,1,3,,336,552,482,1386,36,2,129
26.004,,1,3,,255,449,401,1114,24,2,130
26.005,,1,3,,230,448,391,1070,23,2,131
27.001,,1,3,,288,517,420,1211,37,2,132
27.002,,1,3,,261,521,415,1172,39,2,133
28.001,,1,3,,313,532,442,1240,29,3,134
29.001,,1,3,,308,532,406,1219,43,7,135
29.001,,3,3,,372,620,462,1442,52,7,135
29.001,,5,3,,421,701,523,1632,57,7,135
29.001,,8,3,,571,941,719,2152,60,7,135
29.002,,1,3,,293,509,383,1182,43,7,136
29.002,,3,3,,382,606,450,1429,52,7,136
30.001,,1,3,,254,521,407,1157,30,9,137
30.001,,5,3,,477,636,512,1673,55,9,137
30.001,,8,3,,576,757,600,1994,71,9,137
30.001,,9,3,,767,971,771,2546,76,9,137
30.001,,11,3,,775,1154,959,2954,79,9,137
30.001,,13,3,,825,1378,1190,3488,93,9,137
30.001,,15,3,,854,1335,1213,3488,90,9,137
30.002,,1,3,,286,497,436,1228,36,9,138
30.002,,3,3,,364,594,486,1468,36,9,138
30.002,,5,3,,405,597,504,1527,48,9,138
30.002,,8,3,,385,617,455,1477,41,9,138
30.003,,1,3,,274,500,429,1233,33,9,139
30.003,,3,3,,362,589,402,1394,41,9,139
31.001,,1,3,,355,555,414,1306,40,4,140
31.002,,1,3,,345,531,419,1254,41,4,141
32.001,,1,3,,278,508,477,1294,37,4,142
32.001,,3,3,,368,602,496,1515,45,4,142
32.001,,6,3,,526,881,699,2117,56,4,142
32.001,,7,3,,531,867,712,2097,59,4,142
32.001,,9,3,,631,1074,860,2594,88,4,142
32.001,,11,3,,726,1331,1072,3164,91,4,142
32.001,,12,3,,731,1340,1061,3148,87,4,142
32.002,,1,3,,280,501,440,1258,39,4,143
32.002,,5,3,,658,884,780,2376,68,4,143
32.002,,7,3,,754,1062,1035,2924,75,4,143
32.002,,9,3,,893,1355,1312,3642,98,4,143
32.002,,11,3,,880,1326,1288,3561,91,4,143
32.003,,1,3,,286,492,462,1265,38,4,144
32.003,,7,3,,627,867,737,2257,65,4,144
32.003,,9,3,,856,1310,1177,3389,91,4,144
32.003,,11,3,,820,1260,1184,3332,98,4,144
32.004,,1,3,,294,516,461,1318,42,4,145
32.004,,3,3,,504,776,634,1948,44,4,145
32.004,,6,3,,627,947,827,2463,67,4,145
32.004,,7,3,,689,1169,746,1897,63,4,145
32.004,,9,3,,772,1406,1208,3410,91,4,145
32.004,,11,3,,748,1386,1171,3293,83,4,145
33.001,,1,2,,415,688,513,1610,43,5,146
33.001,,3,2,,558,805,616,1970,58,5,146
33.001,,6,2,,672,956,573,2195,91,5,146
33.001,,7,2,,742,1193,767,2690,98,5,146
33.001,,9,2,,704,1281,882,2861,111,5,146
33.001,,11,2,,824,1339,1000,3153,123,5,146
33.002,,1,2,,434,657,516,1591,50,5,147
33.002,,6,2,,741,975,832,2519,101,5,147
33.003,,1,2,,321,540,457,1312,45,5,148
33.003,,6,2,,657,907,745,2262,69,5,148
34.001,,1,3,,265,500,380,1191,44,6,149
34.001,,2,3,,390,607,486,1516,43,6,149
34.001,,4,3,,648,1023,880,2559,66,6,149
34.001,,6,3,,701,1184,988,2937,50,6,149
36.001,,1,2,,339,504,463,1293,30,3,153
36.001,,3,2,,425,601,531,1606,51,3,153
36.002,,1,2,,285,501,439,1262,38,3,154
36.002,,3,2,,435,612,515,1583,36,3,154
36.003,,1,2,,293,503,429,1245,39,3,155
36.003,,3,2,,417,597,511,1568,41,3,155
36.003,,5,2,,488,725,623,1890,47,3,155
36.003,,7,2,,592,896,812,2341,63,3,155
36.004,,1,2,,270,463,388,1142,25,3,156
36.004,,3,2,,378,560,485,1453,46,3,156
37.001,,15,2,,617,1264,880,2721,82,3,157
37.001,,17,2,,675,1214,913,2761,99,3,157
37.001,,19,2,,669,1419,1122,3172,114,3,157
37.002,,15,2,,617,1275,859,2726,85,3,158
37.002,,17,2,,650,1230,888,2730,89,3,158
37.002,,19,2,,649,1475,1109,3223,119,3,158
37.003,,15,2,,637,1230,821,2662,85,3,159
37.004,,15,2,,639,1268,931,2809,94,3,160
37.005,,15,2,,628,1230,802,2619,84,3,161
37.005,,17,2,,649,1212,786,2612,104,3,161
37.005,,19,2,,707,1402,1090,3150,104,3,161
37.005,,21,2,,618,1492,1094,3157,112,3,161
37.006,,15,2,,655,1231,925,2782,99,3,162
38.001,,1,4,,465,659,553,1709,44,9,163
38.001,,3,4,,550,818,665,2046,63,9,163
38.001,,5,4,,652,1015,816,2532,78,9,163
38.001,,7,4,,704,1181,996,2953,70,9,163
38.001,,9,4,,704,1173,1001,2952,89,9,163
38.001,,11,4,,563,1251,1161,3010,102,9,163
38.001,,13,4,,719,1520,1324,3604,75,9,163
38.001,,15,4,,716,1505,1324,3619,115,9,163
38.001,,17,4,,729,1626,1443,3879,113,9,163
38.001,,19,4,,521,1817,1447,3772,97,9,163
38.001,,21,4,,526,1694,1400,3697,98,9,163
38.001,,23,4,,520,1776,1364,3735,106,9,163
38.001,,25,4,,526,1868,1376,3882,145,9,163
38.001,,27,4,,522,1827,1344,3820,118,9,163
38.001,,29,4,,494,1766,1243,3610,102,9,163
38.001,,31,4,,520,1893,1244,3733,106,9,163
39.001,,1,3,,268,554,339,1035,43,3,164
39.002,,1,3,,276,511,384,1162,41,3,165
39.002,,3,3,,289,494,387,1154,52,3,165
39.002,,5,3,,348,583,393,1321,51,3,165
40.001,,1,3,,478,689,535,1691,40,4,166
40.001,,3,3,,547,794,676,1961,41,4,166
41.001,,1,3,,447,686,509,1635,57,6,167
41.001,,3,3,,529,811,645,1974,70,6,167
41.001,,1,3,,484,645,510,1634,55,6,167
41.002,,1,3,,458,720,569,1741,65,6,168
41.002,,3,3,,548,840,654,2037,69,6,168
42.001,,1,2,,274,467,422,1195,39,7,169
42.001,,3,2,,330,530,422,1291,35,7,169
42.001,,5,2,,405,628,534,1607,42,7,169
42.002,,1,2,,244,452,389,1112,31,7,170
42.003,,1,2,,248,467,386,1128,32,7,171
42.003,,3,2,,319,541,422,1296,40,7,171
42.004,,1,2,,236,436,394,1095,30,7,172
43.001,,1,3,,254,503,399,1155,44,8,173
43.001,,3,3,,383,639,481,1501,52,8,173
44.001,,1,3,,233,462,394,1113,29,8,174
44.001,,3,3,,360,554,370,1316,39,8,174
45.001,,1,3,,332,585,474,1389,53,9,175
45.001,,3,3,,433,663,515,1608,58,9,175
45.001,,5,3,,717,1080,912,2700,77,9,175
45.001,,7,3,,846,1234,1143,3207,97,9,175
45.001,,9,3,,841,1231,1143,3197,96,9,175
45.001,,11,3,,841,1536,1375,3679,120,9,175
45.001,,13,3,,845,1692,1480,3986,119,9,175
45.001,,15,3,,833,1672,1502,3972,125,9,175
45.001,,17,3,,735,1895,1562,4170,125,9,175
45.001,,19,3,,737,1851,1527,4094,140,9,175
45.001,,21,3,,698,1876,1510,4056,128,9,175
46.001,,1,2,,306,479,449,1243,34,3,176
46.002,,1,2,,295,490,450,1264,35,3,177
46.003,,1,2,,306,483,454,1258,32,3,178
46.004,,1,2,,294,485,474,1268,33,3,179
46.004,,3,2,,388,558,527,1493,40,3,179
47.001,,1,3,,262,513,395,1176,43,3,180
48.001,,1,3,,268,501,417,1216,32,3,181
49.001,,1,3,,322,558,506,1378,44,7,182
49.001,,3,3,,453,621,504,1564,51,7,182
49.002,,1,3,,339,519,461,1310,44,7,183
50.001,,1,3,,288,503,446,1252,32,3,184
50.001,,3,3,,389,589,504,1506,40,3,184
51.001,,1,3,,294,525,445,1221,43,4,185
51.002,,1,3,,255,493,385,1128,41,4,186
52.001,,1,3,,313,534,479,1316,38,7,187
52.002,,1,3,,351,572,469,1332,37,7,188
52.003,,1,3,,295,531,460,1440,40,7,189
53.001,,1,4,,366,643,445,1451,39,8,190
54.001,,1,3,,258,565,422,1220,40,8,191
55.001,,1,,,273,513,316,1085,32,,192
55.002,,1,,,273,373,457,1121,27,,193
55.003,,1,,,263,503,313,1057,34,,194
56.001,,1,3,,386,667,509,1552,39,4,195
56.001,,3,3,,482,831,682,1970,46,4,195
56.001,,5,3,,595,1079,857,2501,66,4,195
56.001,,7,3,,720,1270,1090,3054,67,4,195
56.001,,9,3,,777,1506,1319,3510,72,4,195
56.001,,11,3,,804,1782,1477,4006,71,4,195
56.001,,13,3,,798,1820,1533,4034,72,4,195
56.001,,15,3,,707,1885,1607,4112,84,4,195
56.001,,18,3,,691,1872,1622,4119,105,4,195
56.001,,19,3,,724,1967,1648,4267,93,4,195
56.001,,21,3,,681,2064,1616,4252,96,4,195
56.001,,23,3,,624,2011,1597,4225,88,4,195
56.001,,25,3,,662,2054,1569,4229,83,4,195
56.002,,1,3,,408,674,504,1554,43,4,196
56.002,,3,3,,505,830,555,1865,49,4,196
56.002,,5,3,,636,1088,762,2435,62,4,196
56.003,,1,3,,388,669,530,1550,40,4,197
56.003,,3,3,,540,875,742,2119,59,4,197
57.001,,1,,,279,386,502,1154,40,,198
57.002,,1,,,275,355,438,1075,37,,199
57.003,,1,,,258,398,485,1138,39,,200
58.001,,1,2,,335,534,474,1338,36,3,201
58.001,,3,2,,484,769,623,1859,51,3,201
58.001,,5,2,,645,1004,876,2494,57,3,201
58.001,,7,2,,769,1301,1119,3128,63,3,201
58.001,,9,2,,811,1612,1329,3691,81,3,201
58.001,,11,2,,826,1603,1320,3676,83,3,201
58.001,,13,2,,799,1745,1481,3944,86,3,201
58.001,,15,2,,805,1773,1538,4029,85,3,201
58.001,,17,2,,735,1849,1517,4096,93,3,201
58.001,,19,2,,689,1966,1529,4159,97,3,201
58.001,,21,2,,697,1871,1482,4077,97,3,201
58.001,,23,2,,689,1953,1522,4189,85,3,201
58.002,,1,2,,307,535,450,1271,36,3,202
58.002,,3,2,,340,546,415,1265,34,3,202
58.002,,5,2,,408,675,535,1578,45,3,202
58.002,,7,2,,514,738,644,1890,64,3,202
58.002,,9,2,,660,1273,1055,2897,58,3,202
58.002,,11,2,,657,1257,1008,2888,64,3,202
58.002,,13,2,,725,1456,1251,3451,77,3,202
58.002,,15,2,,746,1617,1425,3664,74,3,202
58.002,,17,2,,739,1582,1364,3600,81,3,202
58.002,,19,2,,662,1662,1353,3612,77,3,202
58.003,,1,2,,321,555,475,1319,33,3,203
58.004,,1,2,,308,558,455,1300,33,3,204
58.005,,1,2,,307,538,467,1300,39,3,205
59.001,,1,3,,261,533,433,1212,39,3,206
59.002,,1,3,,336,593,445,1368,41,3,207
59.003,,1,3,,280,532,443,1245,48,3,208
60.001,,1,3,,311,587,408,1301,35,3,209
60.002,,1,3,,344,578,445,1318,41,3,210
60.002,,3,3,,318,590,420,1294,41,3,210
61.001,,1,3,,301,539,446,1275,45,4,211
61.002,,1,3,,314,529,436,1285,40,4,212
61.002,,3,3,,416,638,531,1574,53,4,212
61.002,,5,3,,417,646,513,1574,56,4,212
61.003,,1,3,,289,538,455,1276,48,4,213
61.004,,1,3,,303,490,463,1244,44,4,214
61.004,,5,3,,512,770,672,1923,73,4,214
61.005,,1,3,,307,529,491,1325,46,4,215
61.006,,1,3,,287,516,439,1239,42,4,216
62.001,,5,3,,489,813,638,1933,43,3,217
62.002,,5,3,,375,604,445,1410,42,3,218
62.003,,5,3,,489,820,646,1925,52,3,219
62.004,,5,3,,511,738,595,1861,42,3,220
62.005,,5,3,,494,912,670,2018,51,3,221
62.005,,9,3,,597,1125,864,2540,59,3,221
62.006,,5,3,,453,853,616,1908,54,3,222
62.006,,9,3,,553,1032,806,2333,58,3,222
62.006,,11,3,,666,1273,1035,2889,67,3,222
62.006,,13,3,,696,1618,1259,3520,77,3,222
62.006,,15,3,,686,1581,1275,3468,87,3,222
62.006,,16,3,,724,1748,1396,3808,93,3,222
62.006,,17,3,,741,1751,1435,3796,92,3,222
62.006,,19,3,,715,1822,1511,4001,122,3,222
62.006,,21,3,,723,1840,1493,3989,97,3,222
62.006,,23,3,,649,1872,1522,3978,94,3,222
62.006,,25,3,,663,1863,1537,4027,103,3,222
62.006,,27,3,,614,1966,1551,4052,88,3,222
62.007,,9,3,,664,1087,858,2581,46,3,223
63.001,,5,3,,595,1057,903,2527,85,6,224
63.002,,5,3,,514,1000,735,2255,72,6,225
63.002,,7,3,,609,1221,900,2208,102,6,225
63.003,,5,3,,557,1124,809,2464,84,6,226
63.003,,7,3,,632,1267,957,2816,92,6,226
63.004,,5,3,,535,1050,784,2327,62,6,227
63.004,,7,3,,604,1181,868,2636,102,6,227
63.005,,5,3,,561,1047,753,2325,83,6,228
63.005,,7,3,,658,1214,909,2768,103,6,228
63.006,,5,3,,570,1086,837,2474,86,6,229
63.006,,7,3,,652,1269,976,2888,87,6,229
64.001,,1,2,,306,543,432,1275,42,7,230
64.001,,3,2,,374,630,468,1445,49,7,230
64.002,,1,2,,225,546,372,1170,42,7,231
64.003,,1,2,,308,539,390,1230,41,7,232
64.003,,3,2,,382,637,460,1449,46,7,232
64.004,,1,2,,300,561,421,1285,44,7,233
64.005,,1,2,,280,510,409,1215,35,7,234
64.006,,1,2,,321,567,446,1324,40,7,235
64.006,,3,2,,389,642,482,1488,58,7,235
65.001,,1,3,,270,486,403,1154,41,3,236
65.002,,1,3,,284,514,416,1208,43,3,237
66.001,,1,3,,277,507,381,1141,37,6,238
66.002,,1,3,,285,541,397,1221,36,6,239
66.002,,3,3,,405,635,506,1535,51,6,239
66.003,,1,3,,273,534,381,1189,41,6,240
66.004,,1,3,,261,515,416,1214,40,6,241
67.001,,1,2,,301,533,420,1244,37,7,242
67.002,,1,2,,296,516,423,1231,42,7,243
67.002,,3,2,,439,629,565,1632,62,7,243
67.003,,1,2,,293,491,475,1261,38,7,244
67.004,,1,2,,311,512,461,1278,40,7,245
67.004,,3,2,,412,648,541,1602,55,7,245
67.005,,1,2,,287,529,433,1259,38,7,246
67.005,,3,2,,NA,481,NA,1244,40,7,246
67.005,,5,2,,390,579,406,1357,56,7,246
67.005,,7,2,,457,731,530,1707,67,7,246
67.005,,9,2,,566,795,733,2083,77,7,246
67.005,,11,2,,659,1105,850,2590,104,7,246
67.006,,1,3,,277,517,406,1197,41,8,247
68.001,,1,3,,391,660,494,1499,45,8,248
68.001,,3,3,,447,710,555,1712,45,8,248
68.001,,5,3,,643,1003,906,2496,76,8,248
68.001,,7,3,,733,1241,1118,3062,91,8,248
68.001,,9,3,,757,1454,1305,3502,116,8,248
68.001,,11,3,,771,1491,1297,3526,112,8,248
68.001,,13,3,,669,1712,1430,3786,123,8,248
68.001,,15,3,,571,1799,1514,3843,105,8,248
68.001,,17,3,,647,1763,1615,3969,124,8,248
68.001,,19,3,,598,1692,1447,3729,102,8,248
68.001,,21,3,,617,1810,1471,3889,112,8,248
68.001,,23,3,,592,1744,1380,3707,106,8,248
68.001,,25,3,,595,1864,1440,3883,129,8,248
68.001,,27,3,,598,1924,1406,3868,130,8,248
68.002,,1,3,,369,621,432,1407,40,8,249
68.002,,3,3,,433,691,506,1604,45,8,249
68.003,,1,3,,366,665,448,1468,41,8,250
68.003,,3,3,,416,698,543,1634,51,8,250
68.004,,1,3,,361,632,411,1392,50,8,251
69.001,,1,3,,282,532,399,1206,41,9,252
69.002,,1,3,,312,487,400,1187,45,9,253
69.002,,3,3,,494,760,549,1776,63,9,253
69.002,,5,3,,486,765,526,1753,58,9,253
69.002,,7,3,,624,1216,914,2750,84,9,253
69.002,,11,3,,764,1480,1158,3385,92,9,253
69.002,,13,3,,753,1635,1309,3692,119,9,253
69.002,,15,3,,765,1629,1284,3651,114,9,253
69.002,,17,3,,767,1691,1514,3952,137,9,253
69.002,,19,3,,709,1847,1440,4001,173,9,253
69.002,,21,3,,761,1818,1442,4004,133,9,253
69.003,,1,3,,387,603,453,1432,48,9,254
69.003,,3,3,,463,736,534,1734,63,9,254
69.003,,7,3,,702,1174,852,2717,96,9,254
69.003,,11,3,,810,1375,1097,3261,107,9,254
69.003,,13,3,,825,1692,1312,3793,132,9,254
69.003,,15,3,,816,1688,1338,3806,152,9,254
69.004,,3,3,,489,795,589,1862,66,9,255
69.004,,5,3,,529,984,765,2237,87,9,255
69.004,,11,3,,840,1483,1247,3529,139,9,255
69.004,,13,3,,786,1777,1436,3921,135,9,255
69.004,,17,3,,724,1934,1575,4193,142,9,255
69.004,,19,3,,738,1821,1640,4161,144,9,255
70.001,,1,4,,262,482,387,1106,32,9,256
70.002,,1,4,,279,498,401,1160,35,9,257
70.002,,5,4,,563,962,794,2267,54,9,257
70.002,,7,4,,679,1216,1061,2924,60,9,257
70.002,,9,4,,754,1502,1346,3542,62,9,257
70.002,,11,4,,768,1491,1319,3521,80,9,257
70.002,,13,4,,689,1678,1547,3888,78,9,257
70.002,,15,4,,676,1819,1719,4197,95,9,257
70.002,,17,4,,642,1782,1677,4065,88,9,257
70.002,,19,4,,605,1830,1743,4103,106,9,257
70.002,,21,4,,614,1989,1741,4312,101,9,257
70.003,,1,4,,272,500,415,1159,33,9,258
70.003,,3,4,,510,805,547,1850,44,9,258
70.004,,1,4,,273,494,411,1136,37,9,259
70.004,,3,4,,505,794,668,1944,47,9,259
70.004,,5,4,,654,1038,905,2543,65,9,259
70.004,,7,4,,768,1349,1154,3180,77,9,259
70.004,,9,4,,779,1310,1162,3175,78,9,259
70.004,,11,4,,819,1560,1394,3629,86,9,259
70.004,,13,4,,775,1729,1489,3936,90,9,259
70.004,,15,4,,828,1750,1565,4080,86,9,259
70.004,,17,4,,663,1888,1623,4107,89,9,259
70.004,,19,4,,678,1844,1615,4102,104,9,259
70.004,,21,4,,654,1969,1627,4199,102,9,259
71.001,,9,3,,600,1147,808,2533,99,4,260
71.002,,9,3,,516,946,694,2098,85,4,261
71.003,,9,3,,581,1045,787,2353,97,4,262
71.003,,11,3,,556,1037,789,2677,100,4,262
71.003,,13,3,,550,1027,759,3127,117,4,262
71.003,,15,3,,573,1116,793,3639,137,4,262
71.003,,17,3,,663,1504,1150,3308,131,4,262
71.003,,19,3,,701,1798,1455,3837,153,4,262
71.004,,9,3,,477,787,561,1806,61,4,263
71.004,,11,3,,576,1010,773,2337,83,4,263
71.004,,13,3,,617,964,752,2315,89,4,263
71.004,,15,3,,588,1105,790,2470,85,4,263
71.004,,17,3,,674,1196,981,2826,94,4,263
71.004,,19,3,,739,1370,1173,3252,121,4,263
71.005,,11,3,,530,918,690,2119,65,4,264
72.001,,9,2,,622,1214,991,2781,74.058,7,265
72.002,,9,2,,615,1325,1047,2943,82,7,266
73.001,,1,2,,316,530,449,1291,52,3,267
73.002,,1,2,,295,559,463,1300,44,3,268
74.001,,1,4,,288,523,444,1238,28,9,269
74.001,,5,4,,421,795,636,1770,63,9,269
74.001,,7,4,,466,1055,837,2292,68,9,269
74.001,,9,4,,589,1248,1050,2853,74,9,269
74.001,,11,4,,624,1300,1085,2987,78,9,269
74.001,,13,4,,681,1434,1202,3233,83,9,269
74.001,,15,4,,725,1613,1452,3693,99,9,269
74.001,,17,4,,688,1811,1508,3967,85,9,269
74.001,,19,4,,737,1808,1518,3997,96,9,269
74.001,,21,4,,535,1524,1286,3277,76,9,269
74.001,,23,4,,666,1915,1512,4064,108,9,269
74.002,,1,4,,299,518,442,1215,36,9,270
74.002,,3,4,,328,697,511,1495,44,9,270
74.002,,5,4,,558,877,641,2068,59,9,270
74.002,,7,4,,677,1192,906,2705,72,9,270
74.002,,9,4,,742,1477,1235,3365,94,9,270
74.002,,11,4,,748,1556,1252,3457,90,9,270
74.002,,13,4,,813,1701,1350,3743,79,9,270
74.002,,15,4,,746,1843,1500,3983,105,9,270
74.003,,1,4,,284,525,421,1209,30,9,271
74.003,,5,4,,527,874,660,1998,55,9,271
74.003,,7,4,,616,1092,801,2440,63,9,271
74.003,,9,4,,637,1258,1019,2848,99,9,271
74.003,,11,4,,701,1487,1238,3371,82,9,271
74.003,,13,4,,686,1458,1214,3327,82,9,271
74.003,,15,4,,664,1625,1379,3576,91,9,271
74.003,,17,4,,642,1831,1611,4030,83,9,271
74.004,,1,4,,307,565,438,1271,33,9,272
74.004,,3,4,,455,719,479,1595,47,9,272
74.004,,5,4,,547,886,586,1946,83,9,272
74.005,,1,4,,251,480,390,1081,31,9,273
74.006,,1,4,,314,549,471,1295,33,9,274
74.006,,5,4,,553,910,734,2165,66,9,274
74.006,,7,4,,616,1106,906,2591,71,9,274
74.006,,9,4,,695,1338,1172,3183,77,9,274
75.001,,1,3,,412,713,520,1628,52,9,275
75.001,,3,3,,485,815,685,1948,71,9,275
75.001,,5,3,,666,1169,894,2719,105,9,275
75.001,,7,3,,791,1298,1171,3250,99,9,275
75.001,,9,3,,767,1354,1157,3272,100,9,275
75.002,,1,3,,424,676,526,1603,50,9,276
75.002,,3,3,,548,824,635,1988,78,9,276
75.002,,5,3,,662,1123,908,2684,85,9,276
75.002,,7,3,,734,1274,1029,3001,104,9,276
75.002,,9,3,,746,1544,1313,3570,108,9,276
75.002,,11,3,,806,1645,1497,3906,125,9,276
75.002,,13,3,,797,1649,1496,3893,117,9,276
75.002,,15,3,,661,1907,1560,4058,134,9,276
75.003,,1,3,,413,636,511,1548,45,9,277
75.003,,3,3,,525,862,642,2030,69,9,277
75.003,,5,3,,662,1064,998,2713,95,9,277
75.003,,7,3,,769,1289,1127,3163,104,9,277
75.003,,9,3,,819,1537,1287,3627,100,9,277
75.004,,1,3,,339,551,517,1404,45,9,278
75.004,,3,3,,504,827,647,1974,66,9,278
75.004,,5,3,,663,1098,902,2659,85,9,278
75.004,,7,3,,754,1189,1093,3018,90,9,278
75.004,,9,3,,762,1468,1334,3558,116,9,278
76.001,,1,4,,347,630,350,1261,41,4,279
76.001,,3,4,,349,565,368,1320,42,4,279
76.001,,5,4,,464,806,424,1691,66,4,279
76.002,,1,4,,293,548,434,1242,31,4,280
76.002,,3,4,,338,594,416,1337,36,4,280
76.002,,5,4,,468,781,567,1808,57,4,280
76.003,,1,4,,295,561,457,1294,30,4,281
76.003,,3,4,,352,600,428,1354,41,4,281
76.003,,5,4,,466,795,521,1776,60,4,281
77.001,,1,2,,312,584,472,1370,46,7,282
77.001,,5,2,,425,819,537,1770,72,7,282
77.002,,1,2,,268,574,474,1303,39,7,283
77.002,,3,2,,336,648,453,1435,55,7,283
77.003,,1,2,,288,582,460,1320,36,7,284
77.003,,5,2,,551,936,757,2228,82,7,284
77.003,,7,2,,511,918,707,2118,88,7,284
77.003,,9,2,,681,1166,947,2800,87,7,284
77.003,,11,2,,706,1373,1137,3201,95,7,284
77.003,,13,2,,699,1581,1243,3506,107,7,284
77.003,,15,2,,741,1468,1322,3492,118,7,284
77.003,,17,2,,711,1573,1367,3620,117,7,284
77.003,,19,2,,685,1605,1392,3654,116,7,284
77.003,,21,2,,690,1750,1422,3845,116,7,284
77.003,,23,2,,664,1748,1419,3820,127,7,284
77.003,,25,2,,576,1783,1369,3718,134,7,284
77.003,,27,2,,616,1791,1646,4049,142,7,284
77.003,,29,2,,601,1958,1523,4061,148,7,284
77.003,,31,2,,593,2022,1565,4138,131,7,284
77.003,,33,2,,590,1988,1449,4005,142,7,284
77.003,,35,2,,590,1972,1535,4084,148,7,284
77.003,,37,2,,574,2146,1397,4109,155,7,284
77.003,,39,2,,590,2163,1319,4049,171,7,284
77.003,,41,2,,570,2150,1317,4027,148,7,284
77.003,,43,2,,575,2088,1285,3945,151,7,284
77.003,,45,2,,534,2220,1245,3984,162,7,284
77.003,,47,2,,542,2227,1005,3732,157,7,284
77.003,,49,2,,584,2148,907,3622,158,7,284
77.003,,51,2,,554,2202,938,3695,150,7,284
77.003,,53,2,,654,2223,696,3383,186,7,284
77.003,,55,2,,576,2133,757,3289,157,7,284
77.003,,57,2,,436,1908,NA,NA,152,7,284
77.003,,59,2,,602,1806,839,2996,182,7,284
77.004,,1,2,,308,583,440,1330,43,7,285
77.005,,3,2,,362,637,471,1461,58,7,286
77.006,,1,2,,297,583,475,1331,45,7,287
77.006,,3,2,,356,623,471,1432,67,7,287
77.006,,5,2,,575,1034,796,2393,88,7,287
78.001,,1,4,,302,583,453,1316,35,9,288
78.001,,3,4,,353,650,436,1442,45,9,288
78.001,,5,4,,405,802,590,1762,59,9,288
78.001,,7,4,,692,1284,990,2937,65,9,288
78.001,,9,4,,668,1283,1015,2907,73,9,288
78.001,,11,4,,689,1275,1175,3183,70,9,288
78.002,,1,4,,281,585,445,1291,35,9,289
78.002,,3,4,,354,690,481,1530,48,9,289
78.002,,5,4,,417,790,516,1684,52,9,289
78.002,,7,4,,634,1205,971,2733,72,9,289
78.003,,1,4,,279,552,451,1262,35,9,290
78.003,,3,4,,355,665,510,1446,48,9,290
78.003,,5,4,,593,970,724,2256,58,9,290
78.003,,7,4,,529,957,734,2169,61,9,290
78.003,,9,4,,626,1249,985,2838,84,9,290
78.003,,11,4,,676,1653,1479,3743,86,9,290
78.004,,1,4,,312,524,467,1324,38,9,291
78.004,,3,4,,347,680,485,1466,56,9,291
78.004,,5,4,,572,984,731,2392,68,9,291
78.004,,7,4,,565,962,737,2385,84,9,291
78.004,,9,4,,685,1230,995,2994,86,9,291
78.004,,11,4,,697,1432,1200,3239,86,9,291
78.004,,13,4,,709,1645,1398,3714,85,9,291
78.005,,1,4,,285,580,501,1343,39,9,292
78.005,,5,4,,431,835,640,1882,67,9,292
78.005,,7,4,,644,1286,992,2849,71,9,292
78.005,,9,4,,729,1463,1285,3397,74,9,292
78.005,,13,4,,684,1624,1438,3710,91,9,292
78.006,,1,4,,271,579,446,1281,43,9,293
78.006,,3,4,,341,689,462,1473,50,9,293
78.006,,5,4,,551,1076,795,2433,56,9,293
78.006,,7,4,,593,1115,840,2506,81,9,293
78.006,,9,4,,690,1383,1121,3118,81,9,293
78.006,,13,4,,709,1633,1315,3612,89,9,293
79.001,,1,3,,301,516,434,1238,40,3,294
79.001,,3,3,,421,623,511,1540,65,3,294
79.001,,5,3,,533,812,640,1975,72,3,294
79.001,,7,3,,572,930,890,2400,90,3,294
79.001,,9,3,,635,1127,1123,2850,106,3,294
79.001,,11,3,,772,1414,1255,3381,104,3,294
79.001,,13,3,,702,1707,1424,3767,121,3,294
79.001,,15,3,,774,1575,1343,3643,129,3,294
79.001,,17,3,,726,1719,1421,3820,112,3,294
79.002,,1,3,,309,522,461,1256,53,3,295
79.002,,3,3,,510,793,737,2003,74,3,295
79.002,,5,3,,542,851,725,2105,77,3,295
79.003,,1,3,,314,514,440,1262,40,3,296
79.003,,3,3,,477,793,641,1895,73,3,296
79.004,,1,3,,319,542,466,1334,45,3,297
79.004,,3,3,,369,662,485,1506,68,3,297
79.005,,1,3,,307,541,463,1254,50,3,298
79.005,,3,3,,392,652,517,1538,58,3,298
79.006,,1,3,,297,505,437,1234,40,3,299
79.006,,3,3,,382,625,484,1478,60,3,299
79.006,,5,3,,505,765,634,1899,75,3,299
80.001,,1,2,,393,626,512,1539,42,3,300
80.001,,3,2,,370,612,500,1470,45,3,300
80.001,,5,2,,450,742,615,1758,58,3,300
80.002,,1,4,,287,522,423,1212,33,4,301
81.001,,1,4,,321,541,490,1351,44,4,302
81.001,,3,4,,498,854,677,2008,63,4,302
81.002,,1,4,,320,537,474,1326,41,4,303
81.003,,1,4,,318,548,474,1331,53,4,304
81.003,,3,4,,556,878,730,2140,71,4,304
81.003,,5,4,,701,1045,1014,2761,78,4,304
81.004,,1,4,,325,544,509,1362,46,4,305
81.004,,3,4,,528,855,742,2104,76,4,305
81.005,,1,4,,323,555,475,1347,37,4,306
81.006,,1,4,,291,516,485,1286,47,4,307
82.001,,1,4,,412,655,526,1595,49,4,308
82.001,,3,4,,517,838,622,1962,63,4,308
82.001,,5,4,,631,1004,785,2378,70,4,308
82.001,,7,4,,637,975,817,2378,75,4,308
82.001,,9,4,,653,1115,990,2760,92,4,308
82.001,,11,4,,677,1325,1175,3186,106,4,308
82.002,,1,4,,399,665,520,1559,45,4,309
82.002,,3,4,,526,838,682,2004,65,4,309
82.002,,5,4,,533,837,707,2039,62,4,309
84.001,,1,5,,319,543,490,1336,39,9,311
84.001,,3,5,,537,841,661,2010,59,9,311
84.001,,5,5,,645,1101,908,2627,84,9,311
84.002,,1,5,,280,522,453,1236,33,9,312
84.002,,3,5,,500,763,629,1851,48,9,312
84.002,,5,5,,643,1017,832,2429,68,9,312
85.001,,1,3,,281,546,444,1264,41,3,313
85.002,,1,3,,307,509,470,1269,38,3,314
85.002,,3,3,,381,670,485,1518,48,3,314
85.002,,5,3,,497,731,626,1861,73,3,314
85.003,,1,3,,290,554,468,1312,47,3,315
85.004,,1,3,,309,526,492,1316,51,3,316
85.005,,1,3,,277,555,441,1266,43,3,317
85.006,,1,3,,282,529,488,1289,42,3,318
86.001,,1,3,,287,517,444,1231,39,3,319
86.002,,1,3,,306,539,442,1270,33,3,320
86.002,,3,3,,392,649,487,1465,44,3,320
86.003,,1,3,,303,538,456,1278,41,3,321
86.004,,1,3,,293,536,452,1244,34,3,322
86.005,,1,3,,289,485,473,1294,37,3,323
86.005,,5,3,,460,846,607,1891,73,3,323
86.006,,1,3,,304,536,463,1283,36,3,324
87.001,,1,4,,337,523,446,1293,37,4,325
87.002,,1,4,,342,491,484,1315,51,4,326
87.003,,1,4,,320,498,497,1309,39,4,327
87.004,,1,4,,318,479,478,1264,39,4,328
87.005,,1,4,,333,541,468,1338,35,4,329
87.005,,5,4,,515,806,664,1963,67,4,329
87.005,,7,4,,629,1036,889,2533,71,4,329
87.006,,1,4,,313,524,453,1281,42,4,330
88.001,,1,4,,309,586,470,1344,40,4,331
88.002,,1,4,,276,557,456,1283,44,4,332
88.003,,1,4,,298,587,470,1351,41,4,333
88.004,,1,4,,288,585,474,1300,44,4,334
88.005,,1,4,,301,572,458,1313,38,4,335
88.006,,1,4,,311,583,449,1329,38,4,336
89.001,,1,4,,315,540,470,1319,42,4,337
89.002,,1,4,,311,513,472,1285,45,4,338
89.003,,1,4,,308,526,480,1317,37,4,339
89.004,,1,4,,327,537,472,1332,45,4,340
89.005,,1,4,,305,528,502,1357,53,4,341
89.006,,1,4,,297,536,493,1329,48,4,342
90.001,,1,2,,276,579,445,1269,49,7,343
90.001,,3,2,,443,822,594,1825,51,7,343
90.001,,5,2,,455,811,600,1837,53,7,343
90.001,,7,2,,557,895,786,2294,68,7,343
90.001,,9,2,,622,1136,945,2749,67,7,343
90.002,,1,2,,276,539,449,1297,40,7,344
90.002,,3,2,,462,781,625,1891,54,7,344
90.003,,1,2,,355,657,424,1487,46,7,345
90.003,,3,2,,361,641,457,1491,57,7,345
90.003,,5,2,,597,985,833,2474,64,7,345
90.003,,7,2,,698,1214,1047,3008,70,7,345
90.003,,9,2,,719,1221,1096,3070,75,7,345
90.003,,11,2,,685,1413,1269,3453,82,7,345
90.003,,13,2,,699,1544,1367,3664,96,7,345
90.003,,15,2,,698,1532,1358,3660,86,7,345
90.004,,1,2,,341,620,472,1458,40,7,346
90.004,,3,2,,344,612,462,1454,45,7,346
90.004,,5,2,,446,750,618,1857,54,7,346
90.004,,7,2,,550,910,780,2291,67,7,346
90.004,,9,2,,649,1144,982,2834,58,7,346
90.005,,1,2,,367,644,470,1516,40,7,347
90.006,,1,2,,367,637,476,1501,46,7,348
91.001,,1,4,,346,525,496,1380,53,8,349
91.001,,5,4,,687,1132,990,2772,77,8,349
91.001,,7,4,,702,1114,952,2718,90,8,349
91.001,,9,4,,716,1339,1109,3143,102,8,349
91.001,,11,4,,647,1310,1109,3137,NA,8,349
91.001,,13,4,,723,1499,1216,3414,117,8,349
91.001,,15,4,,678,1666,1387,3693,126,8,349
91.002,,1,4,,330,529,485,1352,45,8,350
91.003,,1,4,,329,531,469,1321,58,8,351
91.003,,3,4,,590,860,694,2135,66,8,351
91.003,,5,4,,682,1097,927,2705,89,8,351
91.003,,7,4,,687,1098,962,2709,99,8,351
91.003,,9,4,,762,1213,1134,3079,104,8,351
91.003,,11,4,,721,1481,1072,3183,111,8,351
91.003,,13,4,,694,1544,1314,3536,141,8,351
91.003,,15,4,,653,1637,1329,3601,127,8,351
91.004,,1,4,,324,538,479,1362,57,8,352
92.001,,1,3,,268,564,413,1215,37,8,353
92.001,,3,3,,482,889,635,1966,59,8,353
92.002,,1,3,,273,578,420,1216,39,8,354
93.001,,1,5,,474,649,526,1610,62,9,355
93.001,,5,5,,725,1058,930,2677,78,9,355
93.001,,7,5,,665,1225,1155,3037,89,9,355
93.001,,9,5,,719,1604,1377,3648,107,9,355
93.002,,1,5,,459,618,539,1607,57,9,356
93.002,,3,5,,567,853,699,2096,65,9,356
93.002,,5,5,,713,1073,917,2683,85,9,356
93.002,,6,5,,806,1298,1108,3185,100,9,356
93.002,,7,5,,803,1294,1109,3166,104,9,356
93.002,,9,5,,872,1466,1259,3573,102,9,356
93.003,,1,5,,306,530,476,1308,45,9,357
93.003,,5,5,,660,1019,964,2618,83,9,357
93.003,,7,5,,787,1383,1358,3424,106,9,357
93.003,,9,5,,783,1357,1302,3399,104,9,357
93.004,,1,5,,413,665,547,1608,53,9,358
93.005,,1,5,,448,675,540,1650,50,9,359
93.005,,3,5,,587,822,787,2200,73,9,359
93.005,,4,5,,581,836,780,2199,77,9,359
93.005,,5,5,,715,1094,958,2777,93,9,359
93.005,,7,5,,809,1354,1222,3381,111,9,359
93.005,,9,5,,809,1340,1224,3383,116,9,359
93.005,,11,5,,770,1430,1369,3544,111,9,359
93.005,,13,5,,753,1657,1545,3918,114,9,359
93.005,,15,5,,806,1628,1550,3913,112,9,359
94.001,,1,5,,302,555,459,1619,46,9,360
94.001,,3,5,,417,712,566,1624,43,9,360
94.001,,5,5,,499,861,687,1987,55,9,360
94.001,,7,5,,626,1076,921,2613,67,9,360
94.002,,1,5,,297,566,473,1318,36,9,361
94.002,,5,5,,541,883,730,2154,57,9,361
94.002,,7,5,,639,1156,957,2688,59,9,361
94.002,,9,5,,731,1436,1253,3351,79,9,361
94.003,,1,5,,277,576,464,1308,36,9,362
94.003,,5,5,,525,884,674,2071,56,9,362
94.003,,9,5,,674,1480,1169,3275,95,9,362
94.003,,11,5,,584,1336,1093,2968,74,9,362
94.003,,13,5,,739,1661,1403,3712,110,9,362
94.003,,15,5,,674,1837,1533,3969,100,9,362
94.003,,17,5,,653,1839,1505,3939,99,9,362
94.003,,19,5,,651,1922,1576,4063,104,9,362
94.003,,21,5,,620,2066,1696,4268,111,9,362
94.003,,23,5,,563,2101,1748,4373,114,9,362
94.003,,25,5,,588,2076,1760,4319,119,9,362
94.003,,27,5,,615,2100,1786,4346,131,9,362
94.003,,29,5,,583,2215,1558,4326,98,9,362
94.003,,31,5,,706,2240,1622,4496,130,9,362
94.003,,33,5,,799,2285,1688,4733,130,9,362
94.003,,35,5,,769,2277,1521,4549,139,9,362
94.003,,37,5,,563,2337,1554,4365,166,9,362
94.003,,39,5,,569,2430,1535,4455,141,9,362
94.003,,41,5,,575,2332,1618,4438,130,9,362
94.003,,43,5,,533,2399,1533,4363,115,9,362
94.004,,1,5,,294,584,473,1327,34,9,363
94.004,,3,5,,405,664,513,1695,61,9,363
94.004,,5,5,,544,906,685,3146,77,9,363
94.004,,9,5,,688,1406,1147,3159,78,9,363
94.005,,1,5,,293,542,434,1260,30,9,364
94.005,,3,5,,408,675,532,1594,52,9,364
94.005,,5,5,,501,783,569,1842,62,9,364
94.005,,9,5,,674,1223,1043,2835,86,9,364
94.005,,11,5,,620,1451,1252,3208,73,9,364
94.005,,13,5,,730,1717,1382,3752,90,9,364
94.005,,15,5,,654,1600,1327,3571,81,9,364
94.005,,17,5,,712,1747,1425,3885,85,9,364
94.005,,19,5,,598,1971,1579,4047,98,9,364
94.005,,21,5,,626,1940,1562,4077,99,9,364
94.005,,23,5,,612,1939,1508,4073,137,9,364
94.005,,25,5,,608,2102,1620,4262,99,9,364
94.005,,27,5,,626,2088,1636,4290,117,9,364
94.005,,29,5,,577,2137,1636,4278,105,9,364
94.005,,31,5,,571,2219,1541,4278,129,9,364
94.005,,33,5,,594,2215,1534,4298,107,9,364
94.005,,35,5,,578,2366,1563,4428,117,9,364
94.005,,37,5,,587,2242,1435,4227,121,9,364
94.005,,39,5,,530,2248,1604,4231,130,9,364
94.005,,41,5,,530,2333,1473,4239,124,9,364
94.005,,43,5,,535,2371,1427,4228,122,9,364
94.005,,45,5,,503,2265,1238,4001,134,9,364
94.005,,47,5,,615,2283,1273,4113,110,9,364
94.006,,1,5,,310,575,469,1325,35,9,365
94.006,,3,5,,438,708,509,1657,47,9,365
94.006,,5,5,,500,869,621,1942,56,9,365
94.006,,9,5,,616,1227,961,2806,72,9,365
94.006,,11,5,,672,1522,1105,3246,75,9,365
94.006,,19,5,,634,1802,1392,3789,100,9,365
94.006,,21,5,,616,1962,1459,3985,115,9,365
94.006,,23,5,,544,2050,1490,4066,97,9,365
94.006,,25,5,,598,2017,1422,4012,104,9,365
94.006,,27,5,,587,2132,1580,4234,99,9,365
94.006,,29,5,,608,2158,1480,4212,115,9,365
95.001,,1,4,,299,616,513,1403,44,9,366
95.001,,5,4,,531,855,691,2073,72,9,366
95.001,,7,4,,650,1087,898,2625,90,9,366
95.001,,9,4,,689,1366,1143,3193,90,9,366
95.002,,1,4,,332,604,459,1395,53,9,367
95.002,,5,4,,522,891,648,2047,81,9,367
95.002,,7,4,,636,1084,874,2568,101,9,367
95.003,,1,4,,316,566,461,1338,42,9,368
95.003,,7,4,,680,1029,902,2600,88,9,368
95.003,,9,4,,656,1246,993,2860,92,9,368
95.004,,1,4,,312,593,467,1371,50,9,369
95.005,,1,4,,331,595,475,1391,49,9,370
95.006,,1,4,,295,606,476,1377,48,9,371
96.001,,1,4,,277,533,455,1237,36,9,372
96.001,,3,4,,378,650,531,1513,40,9,372
96.002,,1,4,,283,555,462,1255,35,9,373
96.002,,3,4,,410,672,514,1566,46,9,373
96.003,,1,4,,285,528,458,1245,32,9,374
96.003,,3,4,,374,628,451,1425,43,9,374
96.004,,1,4,,290,550,474,1277,39,9,375
96.004,,5,4,,486,853,710,1994,57,9,375
96.004,,7,4,,638,1102,918,2628,80,9,375
96.004,,9,4,,758,1385,1224,3337,83,9,375
96.005,,1,4,,292,537,457,1243,37,9,376
96.005,,7,4,,659,1071,934,2608,81,9,376
96.005,,9,4,,716,1316,1173,3157,83,9,376
96.006,,1,4,,315,556,459,1313,38,9,377
96.006,,7,4,,647,1059,942,2596,55,9,377
96.006,,9,4,,733,1315,1174,3179,73,9,377
97.001,,1,4,,295,543,469,1306,41,9,378
97.001,,3,4,,408,658,511,1559,64,9,378
97.002,,1,4,,323,490,489,1285,47,9,379
97.002,,5,4,,531,835,664,2004,68,9,379
97.002,,7,4,,655,985,909,2521,92,9,379
97.002,,9,4,,739,1348,1169,3232,94,9,379
97.003,,1,4,,305,505,456,1268,41,9,380
97.003,,7,4,,782,1356,1208,3325,102,9,380
97.003,,9,4,,836,1310,1229,3355,102,9,380
97.004,,1,4,,304,523,435,1256,49,9,381
97.004,,7,4,,689,1242,1201,3111,100,9,381
97.004,,9,4,,798,1292,1160,3189,122,9,381
97.005,,1,4,,298,497,454,1257,44,9,382
97.006,,1,4,,334,490,477,1282,48,9,383
97.006,,7,4,,702,994,989,2680,90,9,383
97.006,,9,4,,751,1336,1244,3324,103,9,383
98.001,,1,4,,304,548,454,1287,39,9,384
98.001,,5,4,,610,1113,918,2587,61,9,384
98.001,,7,4,,725,1360,1148,3186,77,9,384
98.001,,9,4,,785,1558,1402,3680,98,9,384
98.002,,1,4,,303,560,445,1285,42,9,385
98.002,,7,4,,775,1402,1235,3329,76,9,385
98.002,,9,4,,750,1371,1232,3319,89,9,385
98.003,,1,4,,294,559,468,1314,33,9,386
98.003,,7,4,,721,1325,1148,3129,80,9,386
98.003,,9,4,,812,1602,1332,3704,78,9,386
98.004,,1,4,,268,554,462,1266,38,9,387
98.004,,7,4,,703,1376,1139,3116,82,9,387
98.004,,9,4,,770,1591,1363,3712,85,9,387
98.005,,1,4,,292,561,442,1301,38,9,388
98.005,,7,4,,739,1296,1042,3044,67,9,388
98.005,,9,4,,737,1334,1059,3077,71,9,388
98.006,,1,4,,295,568,462,1306,39,9,389
99.001,,1,2,,277,577,433,1293,37,7,390
99.001,,3,2,,335,625,438,1406,43,7,390
99.001,,5,2,,356,644,452,1470,61,7,390
99.001,,7,2,,427,734,538,1680,58,7,390
100.001,,1,4,,307,584,492,1343,37,8,391
100.002,,1,4,,309,552,468,1317,33,8,392
100.002,,3,4,,305,602,332,1236,33,8,392
100.003,,1,4,,290,522,489,1345,36,8,393
100.003,,3,4,,363,636,461,1450,44,8,393
100.004,,1,4,,305,564,498,1356,39,8,394
101.001,,1,4,,246,579,445,1264,42,9,395
101.001,,3,4,,337,674,439,1447,44,9,395
101.001,,5,4,,MALE,NA,529,1735,74,9,395
101.001,,7,4,,MALE,NA,655,1984,87,9,395
101.002,,1,4,,MALE,NA,437,1250,46,9,396
101.002,,3,4,,MALE,NA,522,1513,57,9,396
101.002,,5,4,,MALE,NA,601,1793,74,9,396
101.002,,7,4,,MALE,NA,729,2077,94,9,396
101.003,,1,4,,MALE,NA,422,1102,42,9,397
101.004,,1,4,,MALE,NA,408,1145,41,9,398
101.004,,3,4,,MALE,NA,491,1437,71,9,398
101.005,,1,4,,MALE,NA,399,1135,31,9,399
102.001,,1,5,,277,501,427,1187,32,9,400
102.002,,1,5,,263,513,471,1238,39,9,401
102.002,,3,5,,375,613,498,1474,41,9,401
102.002,,5,5,,488,766,573,1816,55,9,401
102.002,,7,5,,680,947,811,2414,88,9,401
102.003,,1,5,,290,524,441,1244,31,9,402
102.004,,1,5,,289,530,400,1198,32,9,403
103.001,,3,3,,378,626,501,1507,43,3,404
103.002,,3,3,,373,664,520,1544,44,3,405
104.001,,3,3,,406,730,502,1610,42,3,406
104.001,,5,3,,473,893,633,1950,72,3,406
104.001,,7,3,,577,1048,843,2411,61,3,406
104.002,,3,3,,383,696,466,1534,51,3,407
104.002,,5,3,,463,876,638,1931,65,3,407
104.002,,7,3,,696,1297,1078,3030,92,3,407
104.002,,9,3,,668,1307,1054,3052,90,3,407
104.002,,11,3,,641,1496,1172,3260,104,3,407
104.003,,3,3,,384,686,449,1503,59,3,408
104.003,,5,3,,468,883,616,1919,64,3,408
104.003,,7,3,,640,1246,996,2839,87,3,408
104.003,,9,3,,628,1288,995,2868,103,3,408
104.003,,11,3,,659,1502,1167,3299,133,3,408
104.004,,3,3,,399,686,470,1564,62,3,409
104.004,,5,3,,491,848,614,1921,78,3,409
104.005,,3,3,,404,715,514,1606,57,3,410
104.005,,5,3,,600,1109,857,2534,84,3,410
105.001,,5,3,,435,840,572,1848,56,3,411
105.001,,7,3,,555,976,696,2233,72,8,411
105.002,,5,3,,448,846,547,1835,52,8,412
105.002,,7,3,,558,1118,615,2320,61,8,412
105.002,,9,3,,637,1258,623,2454,87,8,412
105.002,,11,3,,663,1454,1107,3106,101,8,412
106.001,,1,5,,271,511,443,1162,38,9,413
106.001,,3,5,,372,655,470,1478,51,9,413
106.002,,1,5,,280,548,414,1236,41,9,414
106.002,,3,5,,387,655,496,1503,57,9,414
107.001,,1,4,,315,558,454,1314,32,4,415
107.002,,1,4,,292,569,447,1307,37,4,416
107.003,,1,4,,305,575,479,1339,38,4,417
107.004,,1,4,,301,563,449,1330,41,4,418
107.005,,1,4,,311,553,442,1317,34,4,419
108.001,,1,5,,299,521,461,1276,38,9,420
108.002,,1,5,,296,528,441,1243,33,9,421
108.003,,1,5,,300,528,468,1294,31,9,422
108.004,,1,5,,287,535,423,1229,39,9,423
108.005,,1,5,,285,531,468,1292,42,9,424
109.001,,1,4,,278,521,425,1214,23,3,425
109.002,,1,4,,285,515,434,1224,37,3,426
109.003,,1,4,,270,520,441,1215,33,3,427
109.003,,3,4,,378,617,416,1389,48,3,427
109.003,,5,4,,475,797,539,1801,54,3,427
109.004,,1,4,,275,514,434,1228,26,3,428
109.005,,1,4,,273,505,434,1216,,3,429
109.006,,1,4,,287,509,437,1245,34,3,430
111.001,,1,6,,256,504,408,1163,35,4,433
111.002,,1,6,,254,487,262,990,32,4,434
111.002,,3,6,,351,599,472,1402,45,4,434
111.002,,5,6,,413,740,543,1709,59,4,434
112.001,,1,5,,288,562,468,1285,32,8,435
112.001,,3,5,,371,664,391,1405,51,8,435
112.002,,1,5,,284,530,443,1241,30,8,436
112.003,,1,5,,273,542,435,1252,36,8,437
112.003,,3,5,,376,665,491,1522,46,8,437
113.001,,1,5,,403,689,520,1600,68,9,438
113.001,,3,5,,504,787,570,1862,68,9,438
113.001,,5,5,,598,999,814,2385,60,9,438
113.002,,1,5,,396,656,548,1590,48,9,439
113.002,,3,5,,440,798,617,1835,65,9,439
113.002,,5,5,,558,1009,811,2331,70,9,439
113.003,,1,5,,371,637,457,1447,45,9,440
113.003,,3,5,,474,793,601,1889,69,9,440
113.003,,5,5,,597,1035,791,2409,72,9,440
113.003,,7,5,,611,1171,871,2617,84,9,440
113.003,,9,5,,394,847,595,1807,56,9,440
113.003,,11,5,,639,1359,969,2980,95,9,440
113.003,,13,5,,677,1538,1130,3348,90,9,440
113.003,,15,5,,703,1667,1217,3556,129,9,440
113.003,,17,5,,655,1650,1198,3476,103,9,440
113.003,,19,5,,741,1730,1259,3720,113,9,440
113.003,,21,5,,884,1828,1309,3943,124,9,440
113.003,,23,5,,847,1860,1399,4038,128,9,440
113.003,,25,5,,888,1943,1315,4201,137,9,440
113.003,,27,5,,887,1943,1329,4096,117,9,440
113.003,,29,5,,709,2010,1292,3935,140,9,440
113.003,,31,5,,640,2038,1298,3918,139,9,440
113.003,,33,5,,579,2080,1233,3794,122,9,440
113.003,,35,5,,603,2072,1182,3813,134,9,440
113.003,,37,5,,588,2110,1226,3805,142,9,440
113.003,,39,5,,521,2147,1046,3611,145,9,440
113.003,,41,5,,555,2164,1014,3641,163,9,440
113.003,,43,5,,534,2131,916,3489,150,9,440
113.003,,45,5,,522,2211,855,3558,155,9,440
113.003,,47,5,,480,2187,804,3475,152,9,440
113.003,,49,5,,543,2159,764,3391,138,9,440
113.003,,51,5,,476,2256,752,3436,145,9,440
113.003,,53,5,,399,1815,635,2804,115,9,440
113.003,,55,5,,503,2289,758,3490,165,9,440
113.003,,57,5,,494,2201,789,3428,164,9,440
113.003,,59,5,,509,2268,771,3496,139,9,440
113.003,,61,5,,483,2267,719,3409,166,9,440
113.003,,63,5,,466,2245,816,3476,165,9,440
113.004,,1,5,,399,663,505,1578,47,9,441
113.004,,3,5,,508,781,635,1918,70,9,441
113.004,,5,5,,565,964,837,2375,71,9,441
113.005,,1,5,,365,661,510,1525,44,9,442
113.005,,3,5,,500,824,595,1911,62,9,442
113.005,,5,5,,613,1100,809,2476,79,9,442
113.006,,1,5,,397,628,473,1498,45,9,443
113.006,,3,5,,513,833,647,1984,72,9,443
113.006,,5,5,,630,1039,915,2608,88,9,443
114.001,,1,5,,267,529,499,1338,40,9,444
114.001,,3,5,,349,674,501,1598,47,9,444
114.002,,1,5,,202,508,341,1240,42,9,445
114.002,,3,5,,473,856,687,1992,58,9,445
114.002,,5,5,,623,1106,936,2624,72,9,445
114.002,,7,5,,694,1406,1171,3210,92,9,445
114.002,,9,5,,694,1397,1142,3174,91,9,445
114.002,,11,5,,764,1592,1301,3595,97,9,445
114.002,,13,5,,669,1744,1420,3750,92,9,445
114.002,,15,5,,675,1786,1455,3857,121,9,445
114.003,,1,5,,262,526,427,1323,41,9,446
114.003,,3,5,,478,849,637,1933,59,9,446
114.003,,7,5,,519,1264,938,2689,87,9,446
114.003,,9,5,,550,1303,953,2786,82,9,446
114.003,,11,5,,619,1521,1073,3181,80,9,446
114.003,,13,5,,611,1679,1246,3468,86,9,446
114.003,,15,5,,577,1592,1172,3319,87,9,446
114.003,,17,5,,638,1450,1241,2985,112,9,446
114.003,,19,5,,665,1871,1413,3522,,9,446
114.003,,21,5,,637,1882,1332,3427,119,9,446
114.003,,23,5,,662,2075,1421,4081,152,9,446
114.003,,25,5,,617,1967,1389,3769,125,9,446
114.003,,27,5,,558,2014,1387,3804,134,9,446
114.003,,29,5,,512,2133,1369,3930,183,9,446
114.003,,31,5,,624,1997,1657,4195,125,9,446
114.003,,33,5,,610,2063,NA,NA,133,9,446
114.003,,35,5,,627,2047,1643,4290,125,9,446
114.003,,37,5,,590,2154,1673,4163,133,9,446
114.003,,39,5,,590,2290,1547,4099,147,9,446
114.003,,41,5,,557,2165,1323,3912,129,9,446
114.003,,43,5,,568,2187,1238,3962,137,9,446
114.003,,45,5,,532,2335,1266,4063,154,9,446
114.003,,47,5,,509,2230,1063,3822,194,9,446
114.003,,49,5,,534,2259,1028,3728,148,9,446
114.003,,51,5,,529,2335,1014,3759,148,9,446
114.003,,53,5,,403,1852,696,2917,131,9,446
114.003,,55,5,,504,2409,999,3827,175,9,446
114.003,,57,5,,489,2297,874,3709,162,9,446
114.003,,59,5,,520,2380,834,3674,175,9,446
114.003,,61,5,,474,2321,848,3731,148,9,446
115.001,,1,6,,268,484,416,1115,38,9,447
115.001,,3,6,,339,566,427,1307,42,9,447
115.001,,5,6,,342,566,449,1310,43,9,447
115.002,,1,6,,254,493,406,1179,39,9,448
115.002,,5,6,,329,565,426,1315,42,9,448
116.001,,1,6,,238,516,418,1159,39,9,449
116.001,,3,6,,372,652,524,1531,59,9,449
116.001,,5,6,,582,1049,850,2450,65,9,449
116.002,,1,6,,197,435,385,1017,34,9,450
116.003,,1,6,,206,431,356,984,40,9,451
116.003,,3,6,,357,667,464,1457,55,9,451
116.003,,5,6,,404,802,558,1760,66,9,451
116.004,,1,6,,213,434,334,974,26,9,452
116.005,,1,6,,209,429,319,954,35,9,453
116.005,,5,6,,591,1037,816,2417,67,9,453
116.005,,7,6,,640,1252,1061,2912,73,9,453
116.005,,9,6,,686,1465,1244,3384,84,9,453
116.005,,11,6,,688,1468,1225,3388,93,9,453
116.005,,13,6,,705,1691,1464,3839,109,9,453
116.005,,15,6,,692,1849,1566,4078,133,9,453
116.005,,17,6,,733,1832,1543,4048,118,9,453
116.005,,19,6,,639,1766,NA,NA,137,9,453
116.005,,21,6,,634,1920,1395,3755,135,9,453
116.005,,23,6,,631,1933,1349,3690,125,9,453
116.005,,25,6,,607,2092,1546,4206,136,9,453
116.005,,27,6,,586,2063,1516,4106,133,9,453
116.005,,29,6,,594,2073,1457,4127,117,9,453
116.005,,31,6,,548,2095,1384,3955,134,9,453
116.005,,33,6,,557,2146,1402,3996,130,9,453
116.005,,35,6,,509,2069,1362,3926,157,9,453
116.005,,37,6,,541,2133,1326,3960,143,9,453
116.005,,39,6,,577,2166,1287,3946,142,9,453
116.005,,41,6,,511,2176,1257,3927,130,9,453
116.005,,43,6,,572,2175,1281,3994,164,9,453
116.005,,45,6,,611,2277,1226,4070,169,9,453
116.005,,47,6,,553,2255,1340,4085,136,9,453
116.005,,49,6,,536,2238,1356,4085,128,9,453
116.005,,51,6,,562,2267,1343,4110,145,9,453
116.005,,53,6,,411,1801,957,3199,149,9,453
116.005,,55,6,,541,2252,1158,3961,143,9,453
116.005,,57,6,,466,2273,1125,3926,147,9,453
116.005,,59,6,,495,2205,1032,3748,151,9,453
117.001,,1,6,,263,542,443,1257,30,9,454
117.002,,1,6,,278,553,449,1278,35,9,455
117.002,,3,6,,386,677,456,1539,55,9,455
117.002,,13,6,,721,1629,1134,3415,104,9,455
117.002,,15,6,,720,1640,1117,3436,108,9,455
117.002,,17,6,,633,1808,1314,3722,120,9,455
117.002,,19,6,,587,1844,1302,3698,123,9,455
117.002,,21,6,,595,1884,1286,3682,119,9,455
117.002,,23,6,,580,1890,1345,3855,115,9,455
117.002,,25,6,,577,1917,1355,3816,128,9,455
117.002,,27,6,,574,1942,1352,3845,124,9,455
117.002,,31,6,,541,2085,1383,3945,180,9,455
117.002,,33,6,,560,2171,1299,4019,118,9,455
117.002,,35,6,,568,2204,1359,4064,124,9,455
117.002,,37,6,,608,2265,1292,4128,151,9,455
117.002,,39,6,,573,2298,1246,4036,145,9,455
117.002,,41,6,,602,2252,1331,4073,117,9,455
117.002,,43,6,,542,2281,1244,4018,148,9,455
117.002,,45,6,,573,2316,1238,4084,150,9,455
117.002,,47,6,,528,2227,1226,3984,157,9,455
117.002,,49,6,,581,2302,1212,4084,152,9,455
117.002,,5,6,,473,787,486,1743,62,9,455
117.002,,51,6,,549,2329,1162,4030,127,9,455
117.002,,53,6,,413,1928,882,3208,129,9,455
117.002,,7,6,,594,1038,587,2195,80,9,455
117.002,,9,6,,641,1220,703,2669,66,9,455
117.003,,1,6,,284,540,436,1258,35,9,456
117.003,,3,6,,291,546,437,1276,36,9,456
117.003,,5,6,,431,764,557,1716,48,9,456
119.001,,1,4,,271,548,474,1292,40,4,457
119.001,,3,4,,490,814,605,1853,57,4,457
119.002,,1,4,,276,538,394,1240,39,4,458
119.002,,3,4,,462,835,594,1873,54,4,458
119.003,,1,4,,404,645,500,1511,46,4,459
119.003,,3,4,,512,829,613,1940,50,4,459
119.004,,1,4,,301,559,459,1315,49,4,460
119.004,,3,4,,477,853,633,1939,52,4,460
119.005,,1,4,,267,527,380,1172,39,4,461
119.005,,11,4,,653,1335,980,2906,82,4,461
119.005,,13,4,,664,1319,967,2935,100,4,461
119.005,,15,4,,693,1492,1081,3194,105,4,461
119.005,,17,4,,653,1572,1117,3347,105,4,461
119.005,,19,4,,656,1709,1226,3552,98,4,461
119.005,,21,4,,616,1722,1238,3524,126,4,461
119.005,,23,4,,628,1855,1290,3833,99,4,461
119.005,,25,4,,563,1918,1319,3877,102,4,461
119.005,,29,4,,581,2038,1367,3974,127,4,461
119.005,,5,4,,507,974,744,2194,70,4,461
119.005,,31,4,,530,2058,1423,3984,180,4,461
119.005,,33,4,,551,2105,1397,4081,143,4,461
119.005,,35,4,,549,2179,1390,4065,161,4,461
119.005,,37,4,,540,2148,1363,3992,158,4,461
119.005,,39,4,,500,2140,1323,3913,115,4,461
119.005,,41,4,,507,2222,1286,3947,124,4,461
119.005,,43,4,,485,2312,1061,3844,146,4,461
119.005,,45,4,,489,2289,1072,3750,119,4,461
119.005,,47,4,,457,2249,1074,3761,154,4,461
119.005,,49,4,,457,2249,1037,3769,156,4,461
119.005,,5,4,,528,966,738,2187,50,4,461
119.005,,7,4,,466,897,651,2030,65,4,461
119.005,,9,4,,540,1083,771,2364,67,4,461
120.001,,1,3,,245,574,452,1260,39,7,462
120.001,,3,3,,388,700,517,1586,45,7,462
120.002,,1,3,,286,576,465,1290,46,7,463
120.002,,3,3,,373,703,494,1552,44,7,463
120.003,,1,3,,255,554,444,1265,45,7,464
120.003,,3,3,,356,665,510,1546,62,7,464
121.001,,1,3,,311,527,452,1249,,7,465
121.001,,11,3,,653,1270,746,2639,97,7,465
121.001,,13,3,,742,1530,876,3127,84,7,465
121.001,,15,3,,696,1486,920,3098,106,7,465
121.001,,17,3,,633,1593,1046,3217,84,7,465
121.001,,19,3,,490,1717,1071,3278,100,7,465
121.001,,21,3,,530,1736,1115,3382,120,7,465
121.001,,23,3,,444,1823,1144,3347,111,7,465
121.001,,25,3,,519,1928,1257,3697,128,7,465
121.001,,27,3,,530,1985,1196,3741,133,7,465
121.001,,29,3,,515,2030,1263,3769,141,7,465
121.001,,31,3,,529,2118,1269,3927,131,7,465
121.001,,33,3,,559,2147,1356,4008,117,7,465
121.001,,35,3,,549,2178,1338,3987,112,7,465
121.001,,37,3,,535,2117,1227,3877,144,7,465
121.001,,39,3,,502,2189,1266,3953,127,7,465
121.001,,41,3,,505,2216,1166,3874,164,7,465
121.001,,43,3,,561,2319,1124,4040,145,7,465
121.001,,45,3,,529,2268,1216,3906,116,7,465
121.001,,47,3,,477,2161,968,3730,137,7,465
121.001,,49,3,,520,2260,1116,3888,132,7,465
121.001,,5,3,,425,769,364,1566,65,7,465
121.001,,51,3,,440,1872,907,3144,146,7,465
121.001,,53,3,,540,2340,1125,4000,140,7,465
121.001,,55,3,,552,2287,1191,3989,152,7,465
121.001,,57,3,,514,2321,1134,3936,153,7,465
121.001,,7,3,,468,879,387,1727,70,7,465
121.001,,9,3,,576,1044,559,2197,72,7,465
121.002,,1,3,,295,511,441,1248,,7,466
121.003,,1,3,,301,523,475,1264,28,7,467
121.003,,3,3,,402,629,450,1454,46,7,467
121.004,,1,3,,276,524,441,1235,34,7,468
121.004,,5,3,,464,824,584,1884,68,7,468
121.005,,1,3,,295,513,508,1229,38,7,469
121.005,,3,3,,380,640,470,1496,47,7,469
121.006,,1,3,,296,500,436,1248,27,7,470
121.006,,3,3,,399,664,506,1539,53,7,470
122.001,,1,4,,281,553,422,1276,38,8,471
122.002,,1,4,,240,532,430,1206,39,8,472
122.002,,3,4,,391,683,477,1533,49,8,472
122.003,,1,4,,276,556,429,1275,38,8,473
122.003,,3,4,,322,644,465,1450,54,8,473
123.001,,1,5,,271,583,443,1306,42,9,474
123.001,,3,5,,392,720,490,1587,48,9,474
123.002,,1,5,,268,577,436,1266,42,9,475
123.002,,3,5,,391,742,497,1611,52,9,475
123.003,,1,5,,294,584,451,1331,47,9,476
123.003,,3,5,,382,709,485,1563,51,9,476
123.003,,5,5,,564,1183,870,2579,87,9,476
123.004,,1,5,,279,562,410,1262,39,9,477
123.004,,3,5,,353,689,485,1520,49,9,477
123.005,,1,5,,266,589,457,1293,46,9,478
123.005,,3,5,,396,707,494,1575,65,9,478
123.005,,7,5,,581,1143,843,2522,82,9,478
123.006,,1,5,,288,586,422,1293,41,9,479
123.006,,3,5,,394,708,476,1584,48,9,479
124.001,,1,4,,273,544,397,1207,37,3,480
124.001,,11,4,,742,1521,1228,3460,98,3,480
124.001,,13,4,,721,1507,1215,3445,120,3,480
124.001,,15,4,,742,1702,1338,3778,102,3,480
124.001,,17,4,,735,1710,1435,3853,118,3,480
124.001,,19,4,,720,1763,1435,3922,138,3,480
124.001,,21,4,,686,1909,1547,4090,114,3,480
124.001,,23,4,,568,2061,1633,4253,126,3,480
124.001,,25,4,,590,2078,1620,4191,128,3,480
124.001,,27,4,,567,2100,1601,4321,158,3,480
124.001,,29,4,,546,2132,1495,4171,109,3,480
124.001,,3,4,,412,703,490,1599,47,3,480
124.001,,31,4,,561,2191,1534,4206,,3,480
124.001,,33,4,,613,2187,1271,4011,158,3,480
124.001,,35,4,,527,2211,1198,3893,147,3,480
124.001,,37,4,,539,2181,1165,3747,153,3,480
124.001,,39,4,,560,2229,959,3726,148,3,480
124.001,,41,4,,501,2249,1006,3726,128,3,480
124.001,,43,4,,548,2279,918,3678,158,3,480
124.001,,45,4,,538,2278,976,3796,148,3,480
124.001,,47,4,,423,1851,752,3019,133,3,480
124.001,,49,4,,544,2328,964,3771,136,3,480
124.001,,5,4,,482,810,592,1871,53,3,480
124.001,,51,4,,531,2300,1127,3745,191,3,480
124.001,,53,4,,459,2312,896,3620,157,3,480
124.001,,7,4,,612,1059,816,2482,80,3,480
124.001,,9,4,,689,1314,1052,2983,111,3,480
124.001,,55,4,,512,2397,918,3789,145,3,480
124.001,,59,4,,513,2144,812,3260,162,3,480
124.001,,61,4,,535,2142,792,3458,158,3,480
124.001,,63,4,,499,2366,760,3600,136,3,480
124.001,,65,4,,591,2468,938,3854,177,3,480
124.001,,67,4,,549,2530,754,3886,178,3,480
124.001,,69,4,,517,2556,789,3795,164,3,480
124.001,,71,4,,499,2434,709,3567,139,3,480
124.001,,73,4,,464,2467,647,3544,146,3,480
124.002,,1,4,,293,570,404,1259,44,3,481
124.002,,3,4,,410,724,524,1663,48,3,481
124.002,,5,4,,489,804,595,1900,63,3,481
124.002,,7,4,,644,1094,849,2544,78,3,481
124.002,,9,4,,653,1329,1065,3011,88,3,481
124.002,,11,4,,734,1534,1218,3473,104,3,481
124.002,,13,4,,753,1526,1212,3429,96,3,481
124.002,,15,4,,743,1737,1501,3909,107,3,481
124.002,,17,4,,686,1853,1591,4078,119,3,481
124.002,,19,4,,690,1819,1515,4040,122,3,481
124.002,,21,4,,662,1994,1640,4217,136,3,481
124.002,,23,4,,741,2150,1678,4491,139,3,481
124.002,,25,4,,673,2136,1761,4526,128,3,481
124.002,,27,4,,669,2184,1778,4547,134,3,481
124.002,,29,4,,602,2243,1766,4551,148,3,481
124.002,,31,4,,564,2184,1563,4298,136,3,481
124.002,,33,4,,543,2325,1674,4533,172,3,481
124.002,,35,4,,537,2362,1551,4307,148,3,481
124.002,,37,4,,620,2319,1630,4318,144,3,481
124.003,,1,4,,285,534,264,1055,35,3,482
124.003,,3,4,,404,691,446,1517,49,3,482
125.001,,1,4,,274,527,307,1075,33,3,483
125.002,,1,4,,234,532,439,1172,31,3,484
125.002,,3,4,,402,596,384,1393,51,3,484
125.003,,1,4,,279,507,438,1234,30,3,485
125.003,,3,4,,395,638,461,1482,46,3,485
125.004,,1,4,,274,533,429,1233,34,3,486
125.004,,3,4,,389,609,522,1552,47,3,486
125.005,,1,4,,293,500,407,1203,37,3,487
125.005,,3,4,,388,641,531,1544,46,3,487
125.005,,5,4,,522,751,650,1892,64,3,487
125.005,,7,4,,639,989,863,2478,82,3,487
125.005,,9,4,,687,1224,1065,2957,94,3,487
125.005,,11,4,,728,1371,1295,3387,98,3,487
125.005,,13,4,,650,1537,1423,3675,110,3,487
125.005,,15,4,,784,1538,1409,3723,127,3,487
125.005,,17,4,,753,1633,1509,3808,132,3,487
125.005,,19,4,,685,1749,1639,4110,127,3,487
125.005,,21,4,,714,1765,1637,4073,134,3,487
125.005,,23,4,,612,2010,1761,4389,134,3,487
125.005,,25,4,,645,1952,1635,4208,120,3,487
126.001,,1,4,,265,534,392,1193,44,8,488
126.001,,5,4,,460,795,602,1829,64,8,488
126.001,,7,4,,568,1017,795,2341,65,8,488
126.001,,9,4,,628,1227,956,2780,95,8,488
126.002,,1,4,,282,535,443,1242,38,8,489
126.003,,1,4,,288,517,340,1152,42,8,490
127.001,,1,5,,293,535,452,1272,31,8,491
127.001,,3,5,,426,675,395,1475,55,8,491
127.002,,1,5,,298,553,431,1266,36,8,492
127.002,,5,5,,463,773,,1424,56,8,492
127.002,,7,5,,611,1253,,2183,105,8,492
127.002,,9,5,,641,1255,,2206,96,8,492
127.002,,11,5,,655,1461,,2565,90,8,492
127.002,,13,5,,640,1613,,2802,118,8,492
127.002,,15,5,,693,1767,714,3106,103,8,492
127.002,,17,5,,684,1711,683,3054,110,8,492
127.002,,19,5,,666,1921,802,3320,137,8,492
127.002,,21,5,,670,1969,884,3378,153,8,492
127.002,,23,5,,600,2028,881,3447,130,8,492
127.002,,25,5,,584,2129,869,3557,130,8,492
127.002,,27,5,,544,2129,875,3476,169,8,492
127.002,,29,5,,528,2170,946,3612,153,8,492
127.002,,31,5,,524,2240,885,3638,134,8,492
127.002,,33,5,,453,2220,917,3514,125,8,492
127.002,,35,5,,580,2229,910,3626,140,8,492
127.002,,37,5,,537,2120,1694,4285,123,8,492
127.002,,39,5,,552,2132,1678,4259,142,8,492
127.002,,41,5,,547,2115,1700,4365,143,8,492
127.002,,43,5,,522,2180,1623,4378,136,8,492
127.002,,45,5,,558,2160,1700,4397,128,8,492
127.002,,49,5,,483,2166,1379,3926,110,8,492
127.002,,51,5,,472,2185,1466,1450,57,8,492
127.002,,53,5,,457,2157,1538,4008,150,8,492
127.002,,55,5,,501,2220,1356,4070,179,8,492
127.002,,57,5,,445,2234,1111,3807,128,8,492
127.002,,59,5,,463,2235,1094,3791,135,8,492
127.002,,61,5,,482,2267,1029,3796,135,8,492
127.002,,63,5,,455,2352,844,3652,145,8,492
127.002,,65,5,,455,2268,900,3517,158,8,492
127.002,,67,5,,509,2366,851,3723,141,8,492
127.002,,69,5,,466,2025,749,3170,118,8,492
127.002,,71,5,,559,2000,837,1787,89,8,492
127.002,,73,5,,472,2016,812,3089,154,8,492
127.002,,75,5,,425,2046,855,3321,119,8,492
127.003,,1,5,,302,577,397,1239,37,8,493
127.003,,3,5,,432,682,455,1583,55,8,493
127.004,,1,5,,272,547,382,1202,37,8,494
127.004,,5,5,,517,872,656,2045,69,8,494
127.004,,7,5,,697,1346,1146,3112,97,8,494
127.005,,1,5,,278,536,419,1241,36,8,495
127.005,,3,5,,416,689,492,1581,48,8,495
127.006,,1,5,,276,548,383,1197,31,8,496
127.006,,3,5,,398,686,476,1561,50,8,496
128.001,,1,5,,241,548,396,1162,52,8,497
128.001,,5,5,,580,1105,818,2488,69,8,497
128.001,,7,5,,641,1354,1027,3019,106,8,497
128.001,,9,5,,703,1559,1214,3465,119,8,497
129.001,,1,6,,288,553,421,1247,40,9,498
129.001,,5,6,,488,848,595,1907,66,9,498
129.001,,7,6,,557,941,684,2157,66,9,498
129.001,,9,6,,618,1159,871,2536,91,9,498
129.001,,11,6,,678,1406,1139,3179,84,9,498
129.001,,13,6,,702,1556,1239,3476,90,9,498
129.001,,15,6,,728,1566,1246,3505,106,9,498
129.001,,17,6,,732,1689,1486,3889,115,9,498
129.001,,19,6,,584,1879,1558,3974,104,9,498
129.001,,21,6,,555,1833,1535,3892,128,9,498
129.001,,23,6,,634,2105,1591,4195,118,9,498
129.001,,25,6,,574,2072,1593,4197,136,9,498
129.001,,27,6,,582,2067,1583,4161,166,9,498
129.002,,1,6,,285,551,427,1253,35,9,499
129.002,,3,6,,388,684,507,1561,56,9,499
129.002,,5,6,,607,1106,862,2561,65,9,499
129.002,,7,6,,688,1306,1096,3098,76,9,499
129.002,,9,6,,732,1337,1089,3134,74,9,499
129.002,,11,6,,711,1489,1288,3342,87,9,499
129.002,,13,6,,726,1593,1387,3629,126,9,499
129.002,,15,6,,726,1605,1408,3698,127,9,499
129.002,,17,6,,751,1859,1552,4110,132,9,499
129.002,,19,6,,769,1891,1549,4072,127,9,499
129.002,,21,6,,693,1866,1502,4100,122,9,499
129.002,,23,6,,834,1993,1598,4316,136,9,499
129.002,,25,6,,713,1970,1616,4259,126,9,499
129.002,,27,6,,879,2031,1598,4435,130,9,499
129.002,,29,6,,600,2036,1540,4116,138,9,499
129.002,,31,6,,601,2148,1443,4166,150,9,499
129.002,,33,6,,597,2098,1475,4123,119,9,499
129.002,,35,6,,754,2095,1366,4074,138,9,499
129.002,,37,6,,588,2163,1191,3875,134,9,499
129.002,,39,6,,614,2240,1172,4018,143,9,499
129.002,,41,6,,577,2256,1201,4031,136,9,499
129.002,,43,6,,626,2174,1194,3872,169,9,499
129.002,,45,6,,577,2231,1214,3990,144,9,499
129.002,,47,6,,584,2254,1229,3998,158,9,499
129.002,,49,6,,433,1795,923,3113,118,9,499
129.002,,51,6,,509,2327,1275,4959,151,9,499
129.002,,53,6,,542,2254,1211,3944,150,9,499
129.002,,55,6,,582,2281,1158,3987,141,9,499
129.002,,57,6,,521,2291,1168,3917,156,9,499
129.002,,59,6,,550,2316,1201,3970,152,9,499
129.002,,61,6,,581,2298,1097,3838,145,9,499
129.003,,1,6,,261,548,433,1231,40,9,500
129.003,,3,6,,412,665,501,1562,64,9,500
129.003,,5,6,,549,1073,904,4587,130,9,500
129.003,,7,6,,860,1417,1148,4123,151,9,500
129.003,,9,6,,829,1437,1182,3356,111,9,500
129.003,,11,6,,837,1634,1363,3680,106,9,500
129.003,,13,6,,755,1782,1463,3978,125,9,500
129.003,,15,6,,709,1820,1503,3958,149,9,500
129.003,,17,6,,670,1929,1688,4174,122,9,500
129.003,,19,6,,613,2067,1675,4333,149,9,500
129.003,,21,6,,628,2054,1713,4418,146,9,500
129.003,,23,6,,559,2164,1776,4490,124,9,500
129.003,,25,6,,602,2267,1838,4672,155,9,500
129.003,,27,6,,598,2208,1853,4572,NA,9,500
129.003,,29,6,,605,2225,1711,4460,162,9,500
129.003,,31,6,,543,2361,1688,3505,123,9,500
129.003,,33,6,,547,2318,1386,4172,163,9,500
129.003,,35,6,,520,2250,953,3644,141,9,500
129.003,,37,6,,486,2251,785,3519,156,9,500
129.003,,39,6,,545,2395,793,3727,161,9,500
129.003,,41,6,,447,2298,691,3407,152,9,500
129.003,,43,6,,443,2318,761,3423,156,9,500
129.003,,45,6,,470,2303,711,3537,139,9,500
129.003,,47,6,,455,2350,719,3456,135,9,500
129.003,,49,6,,367,1876,614,2823,131,9,500
129.004,,1,6,,244,530,404,1181,42,9,501
129.004,,3,6,,372,644,490,1499,54,9,501
129.004,,5,6,,591,1069,839,2471,81,9,501
129.004,,7,6,,682,1309,1062,3020,100,9,501
129.004,,9,6,,721,1525,1296,3477,97,9,501
129.004,,11,6,,713,1524,1258,3578,90,9,501
129.004,,13,6,,677,1661,1503,3769,109,9,501
129.005,,1,6,,277,488,422,1169,36,9,502
129.005,,3,6,,390,619,480,1465,48,9,502
129.005,,5,6,,720,1415,1229,3347,85,9,502
129.005,,7,6,,688,1186,1053,2887,103,9,502
129.005,,9,6,,715,1403,1230,3362,87,9,502
129.005,,11,6,,748,1414,1253,3409,104,9,502
129.005,,13,6,,716,1553,1468,3768,85,9,502
129.005,,15,6,,766,1801,1581,4095,117,9,502
129.005,,17,6,,777,1777,1636,4177,115,9,502
129.005,,19,6,,801,1902,1741,4328,117,9,502
129.005,,21,6,,743,1968,1695,4448,115,9,502
129.005,,23,6,,728,1909,1812,4383,145,9,502
129.005,,25,6,,581,2046,1633,4234,152,9,502
129.005,,27,6,,578,2112,1661,4335,135,9,502
129.005,,29,6,,616,2070,1645,4313,164,9,502
129.005,,31,6,,567,2253,1730,4570,137,9,502
129.005,,33,6,,551,2233,1683,4405,139,9,502
129.005,,35,6,,580,2251,1726,4485,140,9,502
129.005,,37,6,,572,2174,1083,3787,145,9,502
129.005,,39,6,,582,2286,1085,3926,180,9,502
129.006,,1,6,,280,555,421,1273,42,9,503
129.006,,3,6,,409,704,578,1660,57,9,503
129.006,,5,6,,530,895,715,2111,80,9,503
129.006,,7,6,,698,1367,1135,3180,91,9,503
129.006,,9,6,,830,1541,1161,3842,96,9,503
129.006,,11,6,,738,1810,849,2206,112,9,503
129.006,,13,6,,773,1820,1066,3212,119,9,503
129.006,,15,6,,748,1931,1217,3568,120,9,503
129.006,,17,6,,698,1933,1212,3597,141,9,503
129.006,,19,6,,657,2094,1261,3775,127,9,503
129.006,,21,6,,684,2164,1314,3962,148,9,503
129.006,,23,6,,628,2225,1385,4037,115,9,503
129.006,,25,6,,603,2244,1434,3986,132,9,503
129.006,,27,6,,564,2292,1368,4068,109,9,503
129.006,,29,6,,590,2242,1322,3938,160,9,503
129.006,,31,6,,563,2351,1466,4225,211,9,503
129.006,,33,6,,559,2349,1249,3858,155,9,503
129.006,,35,6,,564,2350,1268,3893,191,9,503
129.006,,37,6,,539,2374,1162,3988,163,9,503
129.006,,39,6,,565,2426,1164,4001,157,9,503
129.006,,41,6,,434,2268,1084,3658,183,9,503
129.006,,43,6,,503,2464,1078,3968,141,9,503
129.006,,45,6,,520,2431,1077,3983,148,9,503
129.006,,47,6,,379,1916,848,3115,128,9,503
129.006,,49,6,,404,1947,809,2128,80,9,503
129.006,,51,6,,474,2487,1118,3955,176,9,503
129.006,,53,6,,436,2374,970,3784,162,9,503
129.006,,55,6,,462,2430,993,3849,170,9,503
130.001,,1,3,,271,555,417,1231,47,7,504
130.001,,3,3,,355,635,429,1400,49,7,504
130.001,,5,3,,482,851,582,1902,80,7,504
130.001,,7,3,,602,1071,810,2441,77,7,504
130.002,,1,3,,281,540,427,1237,48,7,505
130.002,,3,3,,351,634,444,1412,60,7,505
130.002,,5,3,,490,843,608,1897,78,7,505
130.002,,7,3,,588,1035,797,2393,87,7,505
130.003,,1,3,,265,541,443,1240,48,7,506
131.001,,3,4,,366,598,432,1421,56,8,507
131.002,,3,4,,372,621,482,1451,50,8,508
131.003,,3,4,,372,624,492,1484,47,8,509
132.001,,1,3,,298,604,462,1345,61,7,510
132.002,,1,3,,293,567,412,1283,59,7,511
132.002,,3,3,,487,861,618,1940,71,7,511
132.003,,1,3,,291,580,467,1340,51,7,512
132.005,,1,3,,302,579,479,1377,38,7,514
132.005,,3,3,,561,884,691,2128,56,7,514
132.006,,1,3,,288,560,408,1252,47,7,515
132.006,,3,3,,471,840,600,1898,57,7,515
133.001,,1,6,,411,659,527,1570,38,9,516
133.002,,1,6,,423,666,501,1572,36,9,517
134.001,,1,6,,402,684,517,1598,56,9,518
134.002,,1,6,,417,685,521,1606,29,9,519
134.003,,1,6,,420,709,531,1651,50,9,520
134.004,,1,6,,396,677,487,1544,42,9,521
135.001,,1,6,,328,582,439,1352,39,9,522
135.001,,5,6,,522,868,669,2058,70,9,522
135.001,,7,6,,613,1067,866,2545,76,9,522
135.001,,9,6,,646,1287,1017,2970,91,9,522
135.001,,11,6,,720,1567,1262,3548,96,9,522
135.001,,13,6,,712,1700,1482,3866,114,9,522
135.001,,15,6,,709,1764,1508,3922,123,9,522
135.001,,17,6,,668,1903,1642,4186,109,9,522
135.001,,19,6,,649,1994,1707,4321,135,9,522
135.001,,21,6,,628,2020,1770,4379,132,9,522
135.001,,23,6,,606,2104,1758,4455,134,9,522
135.001,,25,6,,596,2185,1723,4400,120,9,522
135.001,,27,6,,601,2160,1746,4349,102,9,522
135.001,,29,6,,530,2198,1572,4272,139,9,522
135.001,,31,6,,550,2211,1500,4231,140,9,522
135.001,,33,6,,519,2200,1425,4203,150,9,522
135.001,,35,6,,483,2231,1436,4113,156,9,522
135.001,,37,6,,511,2383,1416,4267,138,9,522
135.001,,39,6,,526,2389,1371,4202,128,9,522
135.001,,41,6,,395,1867,1062,3372,124,9,522
135.001,,43,6,,480,2406,1294,4120,143,9,522
135.001,,45,6,,515,2356,1229,4081,154,9,522
135.001,,47,6,,476,2333,1178,4006,164,9,522
135.001,,49,6,,483,2403,1285,4101,129,9,522
135.001,,51,6,,441,2408,1131,3963,154,9,522
135.001,,53,6,,429,2405,1131,3913,152,9,522
135.001,,55,6,,393,2043,893,3160,152,9,522
135.001,,57,6,,450,2055,906,3213,154,9,522
135.001,,59,6,,431,2134,844,3156,151,9,522
135.001,,61,6,,474,2088,806,3149,120,9,522
135.002,,1,6,,322,580,471,1353,40,9,523
135.002,,3,6,,418,722,529,1676,53,9,523
135.002,,7,6,,592,1101,880,2524,84,9,523
135.002,,5,6,,478,861,658,1966,74,9,523
135.002,,9,6,,678,1274,1053,3005,74,9,523
135.002,,11,6,,676,1563,1361,3558,118,9,523
135.002,,13,6,,671,1722,1559,3856,108,9,523
135.002,,15,6,,663,1733,1534,3840,125,9,523
135.002,,17,6,,717,1902,1648,4144,97,9,523
135.002,,19,6,,606,1925,1627,4164,138,9,523
135.002,,21,6,,492,2144,1436,3983,156,9,523
135.002,,23,6,,502,2172,1366,3965,121,9,523
135.002,,25,6,,525,2298,1351,4003,128,9,523
135.002,,27,6,,483,2226,1289,3954,118,9,523
135.002,,29,6,,497,2184,1264,3954,131,9,523
135.002,,31,6,,510,2245,1304,4006,187,9,523
135.002,,33,6,,546,2312,1258,3893,176,9,523
135.003,,1,6,,300,582,462,1336,38,9,524
135.003,,3,6,,410,710,517,1616,59,9,524
135.004,,1,6,,321,577,464,1350,37,9,525
135.004,,3,6,,420,686,486,1577,45,9,525
136.001,,1,6,,307,589,454,1351,36,9,526
136.001,,3,6,,439,725,556,1723,42,9,526
136.002,,1,6,,316,576,445,1340,37,9,527
136.002,,3,6,,477,709,536,1710,39,9,527
136.002,,5,6,,498,862,657,2005,65,9,527
136.002,,7,6,,625,1128,888,2579,97,9,527
136.002,,9,6,,646,1306,1054,2978,101,9,527
136.002,,11,6,,722,1682,1295,3667,107,9,527
136.002,,13,6,,702,1739,1567,3928,79,9,527
136.002,,15,6,,669,1749,1546,3927,112,9,527
136.002,,17,6,,464,1872,1612,3935,80,9,527
136.002,,19,6,,466,1924,1740,4075,141,9,527
136.002,,21,6,,401,1950,1685,4043,123,9,527
136.002,,23,6,,595,2046,1858,4445,124,9,527
136.002,,25,6,,600,2208,1837,4568,128,9,527
136.002,,27,6,,582,2137,1675,4362,146,9,527
136.002,,29,6,,576,2186,1657,4351,134,9,527
136.002,,31,6,,585,2198,1527,4260,141,9,527
136.002,,33,6,,565,2266,1390,4136,135,9,527
136.002,,35,6,,526,2269,1321,4097,162,9,527
136.002,,37,6,,532,2331,1170,3998,125,9,527
136.002,,39,6,,532,2328,1179,4000,147,9,527
136.002,,41,6,,417,1849,846,3125,150,9,527
136.002,,43,6,,509,2455,1156,4114,154,9,527
136.002,,45,6,,505,2410,1063,3984,153,9,527
136.002,,47,6,,496,2472,1151,4110,172,9,527
136.002,,49,6,,402,2343,1033,3825,161,9,527
136.002,,51,6,,493,2462,1054,4021,134,9,527
136.002,,53,6,,481,2462,998,3936,155,9,527
136.002,,55,6,,459,2436,932,3851,147,9,527
136.002,,57,6,,439,2511,960,3885,131,9,527
136.002,,59,6,,487,2584,954,3966,139,9,527
136.002,,61,6,,496,2564,898,3877,133,9,527
136.003,,1,6,,313,559,454,1328,28,9,528
136.003,,3,6,,412,698,536,1661,54,9,528
136.003,,5,6,,527,846,640,2021,57,9,528
136.003,,7,6,,591,1050,813,2488,67,9,528
136.003,,9,6,,699,1274,1050,3040,93,9,528
136.003,,11,6,,822,1621,1393,3711,94,9,528
136.003,,13,6,,738,1710,1512,3908,99,9,528
136.003,,15,6,,716,1730,1523,3922,100,9,528
136.003,,17,6,,596,1809,1642,3951,130,9,528
136.003,,19,6,,606,1925,1710,4192,87,9,528
136.003,,21,6,,595,1967,1731,4250,130,9,528
136.003,,23,6,,544,2027,1815,4370,144,9,528
136.003,,25,6,,579,2133,1730,4427,117,9,528
136.003,,27,6,,616,2098,1804,4476,118,9,528
136.003,,29,6,,478,2199,1806,4433,144,9,528
136.003,,31,6,,517,2186,1690,4305,122,9,528
136.003,,33,6,,549,2202,1676,4432,127,9,528
136.003,,35,6,,525,2260,1676,4479,134,9,528
136.003,,37,6,,477,2221,1235,3932,125,9,528
136.003,,39,6,,529,2245,1428,4133,104,9,528
136.003,,41,6,,431,1843,1103,3378,118,9,528
136.003,,43,6,,455,2316,1386,4181,125,9,528
136.003,,45,6,,527,2297,1244,4125,120,9,528
136.003,,47,6,,509,2277,1165,3959,159,9,528
136.003,,49,6,,481,2366,1226,4046,166,9,528
136.003,,51,6,,495,2367,1137,3993,156,9,528
136.003,,53,6,,527,2357,1164,3974,158,9,528
136.003,,55,6,,445,2082,791,2696,130,9,528
136.003,,57,6,,455,2079,1022,2722,116,9,528
136.003,,59,6,,462,2156,990,3031,157,9,528
136.003,,61,6,,436,2144,924,2973,175,9,528
136.004,,1,6,,326,572,459,1360,33,9,529
136.004,,3,6,,412,691,511,1588,49,9,529
136.004,,5,6,,479,808,586,1888,72,9,529
136.004,,7,6,,604,1070,871,2521,62,9,529
136.004,,9,6,,614,1266,1000,2847,90,9,529
136.004,,11,6,,698,1596,1227,3478,113,9,529
136.004,,13,6,,698,1643,1390,3731,98,9,529
136.004,,15,6,,706,1707,1406,3750,95,9,529
136.004,,17,6,,646,1852,1460,3950,113,9,529
136.004,,19,6,,630,1914,1566,4078,120,9,529
137.001,,1,6,,315,538,440,1284,44,9,530
137.001,,5,6,,512,819,664,1941,64,9,530
137.001,,7,6,,557,968,739,2266,86,9,530
137.002,,1,6,,305,508,442,1259,46,9,531
137.003,,1,6,,308,533,473,1332,43,9,532
137.003,,5,6,,574,992,784,2320,70,9,532
137.003,,7,6,,638,1152,884,2620,80,9,532
137.003,,9,6,,654,1178,918,2703,101,9,532
137.003,,11,6,,642,1449,1147,3215,94,9,532
137.003,,13,6,,671,1607,1295,3544,111,9,532
137.003,,15,6,,674,1644,1328,3579,117,9,532
137.003,,17,6,,644,1780,1463,3797,118,9,532
137.003,,19,6,,575,1817,1499,3821,111,9,532
137.003,,21,6,,588,1993,1641,4169,119,9,532
137.003,,23,6,,582,2044,1628,4235,127,9,532
137.003,,25,6,,619,2075,1566,4269,129,9,532
137.003,,27,6,,608,2146,1652,4370,144,9,532
137.003,,29,6,,611,2074,1594,4265,160,9,532
137.003,,31,6,,541,2135,1581,4244,128,9,532
137.003,,33,6,,622,2309,1732,4597,166,9,532
137.003,,35,6,,572,2213,1446,4173,138,9,532
137.003,,37,6,,495,2272,1290,4086,165,9,532
137.003,,39,6,,528,2311,1205,4024,148,9,532
137.003,,41,6,,433,1783,789,3025,119,9,532
137.003,,43,6,,484,2337,937,3774,146,9,532
137.003,,45,6,,517,2338,1060,3895,168,9,532
137.003,,47,6,,535,2361,1045,3941,136,9,532
137.004,,1,6,,313,540,453,1308,39,9,533
137.004,,3,6,,388,655,496,1566,55,9,533
137.004,,5,6,,613,1074,817,2465,69,9,533
137.004,,7,6,,697,1226,978,2895,86,9,533
137.004,,9,6,,745,1455,1191,3392,91,9,533
137.004,,11,6,,754,1501,1216,3457,112,9,533
137.004,,13,6,,715,1717,1360,3768,114,9,533
137.004,,15,6,,598,1771,1539,3921,96,9,533
137.004,,17,6,,544,1737,1469,3816,107,9,533
137.004,,19,6,,648,1941,1618,4159,119,9,533
137.004,,21,6,,571,1924,1659,4186,130,9,533
137.004,,23,6,,528,1931,1599,4023,108,9,533
137.004,,25,6,,569,2098,1691,4238,129,9,533
137.004,,27,6,,545,2105,1519,4149,143,9,533
137.004,,29,6,,532,2052,1470,4012,127,9,533
137.004,,31,6,,545,2134,1425,4084,147,9,533
137.004,,33,6,,535,2207,1345,4103,156,9,533
137.005,,1,6,,300,533,468,1300,39,9,534
137.006,,1,6,,321,537,425,1279,41,9,535
137.006,,3,6,,407,644,477,1531,51,9,535
138.001,,1,6,,283,527,503,1310,29,9,536
138.001,,3,6,,511,808,644,1951,56,9,536
138.001,,7,6,,704,1225,1066,2992,74,9,536
138.001,,9,6,,779,1407,1161,3407,77,9,536
138.001,,11,6,,762,1454,1219,3444,99,9,536
138.001,,13,6,,613,1255,1115,2977,85,9,536
138.001,,15,6,,737,1734,1572,4019,99,9,536
138.001,,17,6,,723,1772,1576,3990,117,9,536
138.001,,19,6,,583,1914,1671,4099,117,9,536
138.001,,21,6,,561,1954,1694,4199,119,9,536
138.001,,23,6,,559,1954,1754,4235,120,9,536
138.001,,25,6,,611,2003,1769,4366,133,9,536
138.001,,27,6,,592,1977,1649,4252,106,9,536
138.001,,29,6,,610,1962,1588,4156,126,9,536
138.001,,31,6,,560,2004,1431,4067,133,9,536
138.001,,33,6,,603,2107,1535,4284,145,9,536
138.001,,35,6,,562,2082,1408,3980,128,9,536
138.001,,37,6,,500,2031,1291,3828,114,9,536
138.001,,39,6,,522,2079,1298,3878,149,9,536
138.001,,41,6,,407,1668,1009,3075,111,9,536
138.001,,43,6,,489,2086,1192,3732,132,9,536
138.001,,45,6,,470,2117,1243,3789,162,9,536
138.001,,47,6,,476,2118,792,3407,121,9,536
138.001,,49,6,,491,2133,1072,3515,123,9,536
138.001,,51,6,,445,2154,702,3306,143,9,536
138.001,,53,6,,490,2125,735,3306,107,9,536
138.001,,55,6,,440,1856,675,2753,135,9,536
138.001,,57,6,,418,1887,434,2566,129,9,536
138.001,,59,6,,427,1912,571,2563,120,9,536
138.001,,61,6,,461,1890,345,2552,156,9,536
138.001,,63,6,,427,1870,332,2466,139,9,536
138.001,,65,6,,418,1825,384,2447,140,9,536
138.001,,67,6,,413,1796,351,2449,144,9,536
138.001,,69,6,,379,1733,295,2265,129,9,536
138.002,,1,6,,297,550,475,1320,50,9,537
138.002,,3,6,,524,799,684,2019,48,9,537
138.002,,5,6,,642,1076,925,2575,69,9,537
138.002,,7,6,,557,1029,865,2445,70,9,537
138.002,,9,6,,675,1242,1073,3101,74,9,537
138.002,,11,6,,765,1524,1304,3551,104,9,537
138.002,,13,6,,589,1161,944,2721,79,9,537
138.002,,15,6,,752,1682,1472,3886,101,9,537
138.002,,17,6,,655,1801,1552,3951,139,9,537
138.002,,19,6,,692,1868,1590,4098,122,9,537
138.002,,21,6,,663,1894,1631,4115,133,9,537
138.002,,23,6,,629,1975,1638,4207,140,9,537
138.002,,25,6,,619,1893,1581,4101,127,9,537
138.002,,27,6,,608,1977,1617,4257,123,9,537
138.002,,29,6,,589,2043,1599,4214,113,9,537
138.002,,31,6,,610,2009,1562,4166,134,9,537
138.002,,33,6,,595,2144,1493,4224,136,9,537
138.002,,35,6,,533,2160,1435,4113,119,9,537
138.002,,37,6,,554,2105,1342,4016,144,9,537
138.002,,39,6,,547,1824,1283,3482,130,9,537
138.002,,41,6,,443,1461,1080,2810,100,9,537
138.002,,43,6,,540,2152,1296,3921,128,9,537
138.002,,45,6,,515,2062,1118,3739,127,9,537
138.002,,47,6,,508,2126,1218,3838,143,9,537
138.002,,49,6,,514,1843,953,3087,140,9,537
138.002,,51,6,,491,1845,874,3061,122,9,537
138.002,,53,6,,497,1855,831,2964,142,9,537
138.002,,55,6,,512,1725,788,2740,151,9,537
138.002,,57,6,,485,1835,788,2871,140,9,537
138.002,,59,6,,521,1851,702,2838,128,9,537
138.002,,61,6,,564,1844,749,2895,128,9,537
138.002,,63,6,,514,1846,775,2857,148,9,537
138.002,,65,6,,480,1657,508,2375,118,9,537
138.002,,67,6,,468,1815,565,2562,121,9,537
138.002,,69,6,,468,1790,552,2590,128,9,537
138.002,,71,6,,436,1741,481,2481,136,9,537
138.003,,1,6,,418,660,530,1616,39,9,538
138.003,,3,6,,527,821,659,1971,50,9,538
138.003,,5,6,,627,1033,909,2555,72,9,538
138.003,,7,6,,733,1257,1093,3072,102,9,538
138.003,,9,6,,825,1413,1361,3604,98,9,538
138.003,,11,6,,839,1481,1364,3650,102,9,538
138.003,,13,6,,756,1704,1547,3912,95,9,538
138.003,,15,6,,702,1756,1586,4012,122,9,538
138.003,,17,6,,662,1814,1633,4104,122,9,538
138.003,,19,6,,708,1944,1715,4401,120,9,538
138.003,,21,6,,773,2005,1656,4390,128,9,538
138.003,,23,6,,749,2082,1690,4446,126,9,538
138.003,,25,6,,696,2065,1340,4027,116,9,538
138.003,,27,6,,655,2054,1290,4027,113,9,538
138.003,,29,6,,669,2076,1308,4024,121,9,538
138.004,,1,6,,305,541,469,1297,43,9,539
138.004,,3,6,,521,811,636,1988,51,9,539
138.004,,5,6,,642,1015,834,2469,72,9,539
138.004,,7,6,,729,1192,1041,2967,83,9,539
138.004,,9,6,,736,1465,1238,3382,96,9,539
138.004,,11,6,,745,1395,1249,3354,108,9,539
138.004,,13,6,,796,1610,1493,3809,104,9,539
138.004,,15,6,,984,1843,1622,4309,110,9,539
138.004,,17,6,,757,1837,1590,4058,112,9,539
138.004,,19,6,,381,1945,1632,3942,105,9,539
138.004,,21,6,,562,2058,1658,4138,93,9,539
138.004,,23,6,,629,2062,1583,4261,122,9,539
138.004,,25,6,,562,2211,1632,4274,148,9,539
138.004,,27,6,,618,2189,1569,4297,118,9,539
138.004,,29,6,,600,2210,1580,4340,142,9,539
138.004,,31,6,,581,2219,1428,4186,144,9,539
138.004,,33,6,,572,2309,1337,4155,137,9,539
138.004,,35,6,,523,2192,1273,3966,173,9,539
138.004,,37,6,,562,2306,1348,4099,121,9,539
138.004,,39,6,,570,2275,1175,3884,122,9,539
138.004,,41,6,,468,1803,847,3106,119,9,539
138.004,,43,6,,496,2230,889,3600,146,9,539
138.004,,45,6,,568,2285,941,3741,135,9,539
138.004,,47,6,,563,2380,925,3776,137,9,539
138.004,,49,6,,549,2291,852,3717,155,9,539
138.004,,51,6,,512,2401,871,3740,131,9,539
138.004,,53,6,,530,2359,801,3719,182,9,539
138.004,,55,6,,461,2265,785,3528,194,9,539
138.004,,57,6,,506,2422,766,3710,151,9,539
138.004,,59,6,,488,2459,841,3755,157,9,539
138.004,,61,6,,546,2376,797,3672,179,9,539
138.005,,1,6,,283,526,459,1273,41,9,540
138.005,,3,6,,489,796,640,1906,58,9,540
138.005,,5,6,,583,995,836,2411,84,9,540
138.005,,7,6,,703,1232,1055,3060,75,9,540
138.005,,9,6,,676,1482,1314,3422,87,9,540
138.005,,11,6,,710,1469,1305,3439,101,9,540
138.005,,13,6,,612,1351,1220,3113,74,9,540
138.005,,15,6,,681,1774,1577,4016,111,9,540
138.005,,17,6,,723,1756,1607,4091,117,9,540
138.005,,19,6,,632,1809,1589,3994,104,9,540
138.005,,21,6,,636,1871,1619,4119,123,9,540
139.001,,1,5,,397,682,534,1582,49,4,541
139.001,,5,5,,584,1012,819,2449,88,4,541
139.001,,7,5,,725,1493,1280,3495,88,4,541
139.001,,9,5,,715,1488,1318,3506,115,4,541
139.001,,13,5,,644,1717,1486,3811,113,4,541
139.001,,14,5,,644,1735,1518,3886,102,4,541
139.001,,15,5,,659,1728,1519,3927,95,4,541
139.001,,17,5,,695,1813,1442,4033,113,4,541
139.002,,1,5,,382,670,529,1570,55,4,542
139.002,,3,5,,439,810,618,1838,57,4,542
139.002,,5,5,,539,969,754,2253,88,4,542
139.002,,7,5,,621,1216,989,2845,76,4,542
139.002,,9,5,,647,1437,1206,3277,102,4,542
139.002,,11,5,,686,1646,1424,3709,101,4,542
139.002,,13,5,,867,2088,1881,4793,127,4,542
139.002,,15,5,,657,1779,1604,3983,125,4,542
139.002,,17,5,,598,1905,1708,4185,107,4,542
139.002,,19,5,,592,1880,1706,4199,111,4,542
139.002,,21,5,,572,1974,1808,4349,109,4,542
139.002,,23,5,,587,2029,1728,4396,125,4,542
139.002,,25,5,,573,2001,1802,4330,122,4,542
139.002,,27,5,,547,2000,1802,4361,118,4,542
139.002,,29,5,,582,2157,1880,4624,168,4,542
139.002,,31,5,,577,2205,1680,4424,131,4,542
139.002,,33,5,,527,2149,1679,4315,152,4,542
139.002,,35,5,,553,2173,1426,4093,130,4,542
139.002,,39,5,,540,2253,1393,4136,146,4,542
139.002,,41,5,,564,2246,1388,4189,144,4,542
139.002,,43,5,,532,2337,1488,4308,118,4,542
139.002,,45,5,,574,2311,1314,4181,136,4,542
139.002,,47,5,,495,2226,1271,4005,162,4,542
139.002,,49,5,,530,2364,1367,4202,163,4,542
139.002,,51,5,,500,2293,1178,3972,143,4,542
139.002,,53,5,,508,2398,1220,4129,148,4,542
139.002,,55,5,,531,2442,1189,4178,138,4,542
139.002,,57,5,,513,2434,1182,4108,155,4,542
139.002,,59,5,,513,2025,1075,3423,156,4,542
139.002,,61,5,,485,1969,1030,3333,126,4,542
139.002,,63,5,,427,1992,913,3177,138,4,542
139.002,,65,5,,428,1960,848,3047,145,4,542
139.002,,67,5,,428,1922,692,2822,128,4,542
140.001,,1,5,,307,574,476,1353,45,4,543
140.002,,1,5,,291,560,427,1298,46,4,544
140.002,,3,5,,390,694,521,1587,67,4,544
140.002,,5,5,,567,1108,836,2498,79,4,544
140.002,,7,5,,570,1129,842,2521,93,4,544
140.002,,9,5,,688,1330,938,2952,93,4,544
140.002,,11,5,,457,1226,933,2594,88,4,544
140.002,,13,5,,544,1734,1298,3469,105,4,544
140.002,,15,5,,425,1703,1277,3432,115,4,544
140.002,,17,5,,590,1863,1418,3818,138,4,544
140.002,,19,5,,494,1878,1376,3749,125,4,544
140.002,,21,5,,502,1937,1441,3831,115,4,544
140.002,,23,5,,546,1992,1495,3957,123,4,544
140.002,,25,5,,599,1992,1442,4033,116,4,544
140.002,,27,5,,637,2169,1565,4133,144,4,544
140.002,,29,5,,572,2169,1517,4166,136,4,544
140.002,,31,5,,525,2154,1496,4124,154,4,544
140.002,,33,5,,502,2152,1403,4059,138,4,544
140.002,,37,5,,525,2262,1448,4233,145,4,544
140.002,,39,5,,499,2317,1423,4202,167,4,544
140.002,,41,5,,474,2244,1222,3968,119,4,544
140.002,,43,5,,564,2348,1325,4167,143,4,544
140.002,,45,5,,509,2368,1150,4010,161,4,544
140.002,,47,5,,544,2339,1186,4013,168,4,544
140.002,,49,5,,489,2312,980,3773,153,4,544
140.003,,1,5,,286,583,410,1285,44,4,545
140.003,,3,5,,471,870,616,1950,63,4,545
140.003,,5,5,,596,1085,841,2517,70,4,545
140.003,,7,5,,680,1343,1136,3126,85,4,545
140.003,,9,5,,692,1357,1115,3133,76,4,545
140.003,,11,5,,877,1746,1563,4155,117,4,545
140.003,,13,5,,599,1843,1404,3855,114,4,545
140.004,,1,5,,272,559,415,1265,42,4,546
140.005,,1,5,,302,565,475,1341,35,4,547
141.001,,1,3,,317,567,461,1353,41,7,548
141.002,,1,3,,294,577,466,1352,45,7,549
141.002,,3,3,,382,728,501,1597,57,7,549
141.002,,5,3,,598,1209,872,2625,78,7,549
141.002,,7,3,,692,1398,1075,3189,109,7,549
141.002,,9,3,,698,1391,1095,3167,70,7,549
141.002,,11,3,,715,1651,1253,3535,115,7,549
141.002,,13,3,,703,1583,1223,3532,105,7,549
141.002,,15,3,,761,1785,1477,4020,116,7,549
141.003,,1,3,,307,566,430,1290,39,7,550
141.003,,3,3,,382,714,515,1558,48,7,550
141.003,,7,3,,713,1343,1129,3191,91,7,550
141.003,,9,3,,728,1349,1115,3171,75,7,550
141.003,,11,3,,742,1597,1354,3607,106,7,550
141.003,,13,3,,741,1733,1526,3944,119,7,550
141.003,,15,3,,742,1756,1532,3959,104,7,550
141.003,,17,3,,690,1792,1575,4009,126,7,550
141.003,,19,3,,570,1935,1451,3978,117,7,550
141.003,,21,3,,586,1889,1567,3978,130,7,550
141.003,,23,3,,549,1876,1449,3850,119,7,550
141.003,,25,3,,564,1973,1498,4019,134,7,550
141.003,,27,3,,546,2087,1501,4192,133,7,550
141.003,,29,3,,510,2023,1437,3997,140,7,550
141.003,,31,3,,503,2024,1432,3916,122,7,550
141.003,,33,3,,487,1963,1334,3793,123,7,550
141.003,,35,3,,390,1679,1077,3124,135,7,550
141.003,,37,3,,429,2073,1249,3722,143,7,550
141.003,,39,3,,471,2082,1151,3697,144,7,550
141.003,,41,3,,487,2167,1094,3674,129,7,550
141.003,,43,3,,483,2146,1178,3711,163,7,550
141.003,,45,3,,456,2215,1075,3732,144,7,550
141.003,,47,3,,457,2181,1046,3659,158,7,550
141.003,,49,3,,457,2156,948,3524,126,7,550
141.003,,51,3,,448,2211,896,3601,158,7,550
141.003,,53,3,,447,2289,982,3697,152,7,550
141.003,,55,3,,433,2338,909,3690,152,7,550
141.003,,57,3,,429,2272,973,3671,157,7,550
141.003,,59,3,,439,2193,848,3403,155,7,550
141.003,,61,3,,432,2180,,,162,7,550
141.003,,63,3,,425,2202,481,3113,140,7,550
141.003,,65,3,,374,2045,469,2858,140,7,550
141.003,,67,3,,354,1859,396,2490,139,7,550
141.004,,1,3,,297,597,461,1361,46,7,551
141.004,,3,3,,376,717,502,1597,61,7,551
141.004,,5,3,,616,1151,911,2647,65,7,551
141.004,,7,3,,660,1330,1074,3046,81,7,551
141.004,,9,3,,666,1388,1077,3092,95,7,551
141.004,,11,3,,715,1520,1203,3408,108,7,551
141.004,,13,3,,595,1712,1422,3714,108,7,551
141.004,,15,3,,657,1721,1444,3732,137,7,551
141.004,,17,3,,550,1857,1478,3883,147,7,551
141.004,,19,3,,542,1885,1517,3898,133,7,551
141.004,,21,3,,524,1905,1425,3877,118,7,551
141.004,,23,3,,593,2002,1435,3882,143,7,551
141.004,,25,3,,619,1985,1372,3975,141,7,551
141.004,,27,3,,630,2132,1456,4121,140,7,551
141.004,,29,3,,533,2105,1401,3966,172,7,551
141.004,,31,3,,492,2033,1209,3744,127,7,551
141.004,,33,3,,444,2098,1177,3744,143,7,551
141.004,,35,3,,378,1923,1005,3100,125,7,551
141.004,,37,3,,494,2168,1197,3808,157,7,551
141.004,,39,3,,491,2133,1026,3638,148,7,551
141.004,,41,3,,484,2187,1057,3724,136,7,551
141.004,,43,3,,498,2189,970,3676,163,7,551
141.004,,45,3,,439,2196,986,3605,129,7,551
141.004,,47,3,,377,2249,923,3606,138,7,551
141.004,,49,3,,408,2140,832,3375,135,7,551
141.004,,51,3,,450,2260,845,3548,128,7,551
141.004,,53,3,,456,2294,803,3563,142,7,551
141.004,,55,3,,426,2359,746,3523,142,7,551
141.004,,57,3,,419,2281,767,3461,157,7,551
141.004,,59,3,,417,2215,657,3330,161,7,551
141.004,,61,3,,437,2259,697,3375,131,7,551
141.004,,63,3,,437,2265,692,3330,148,7,551
141.004,,65,3,,343,2168,615,3119,121,7,551
141.005,,1,3,,299,596,490,1401,43,7,552
142.001,,1,4,,304,606,477,1374,36,7,553
142.001,,3,4,,502,847,515,1846,56,7,553
142.001,,5,4,,648,1088,699,2414,82,7,553
142.001,,7,4,,759,1319,890,2945,100,7,553
142.001,,9,4,,791,1571,1235,3550,110,7,553
142.001,,11,4,,812,1583,1240,3661,117,7,553
142.001,,13,4,,726,1767,1448,3875,120,7,553
142.001,,15,4,,696,1928,1579,4157,134,7,553
142.001,,17,4,,695,1902,1565,4094,111,7,553
142.001,,19,4,,673,2049,1642,4366,147,7,553
142.001,,21,4,,643,2132,1697,4326,147,7,553
142.001,,23,4,,623,2097,1643,4339,173,7,553
142.001,,25,4,,565,2139,1582,4300,131,7,553
142.001,,27,4,,602,2259,1703,4500,148,7,553
142.001,,29,4,,604,2224,1624,4418,130,7,553
142.001,,31,4,,570,2200,1498,4243,132,7,553
142.001,,33,4,,523,2126,1112,3721,172,7,553
142.001,,35,4,,437,1742,972,3137,94,7,553
142.001,,37,4,,556,2251,1185,4040,137,7,553
142.001,,39,4,,560,2265,1291,4089,147,7,553
142.001,,41,4,,551,2270,1228,4015,130,7,553
142.001,,43,4,,549,2290,1206,4070,140,7,553
142.001,,45,4,,527,2204,1163,3848,144,7,553
142.001,,47,4,,494,2316,1164,3985,150,7,553
142.001,,49,4,,463,2248,934,3663,166,7,553
142.001,,51,4,,533,2301,1037,3840,132,7,553
142.001,,53,4,,510,2013,853,3205,151,7,553
142.001,,55,4,,524,2012,918,3303,141,7,553
142.001,,57,4,,540,2005,858,3240,132,7,553
142.002,,1,4,,399,657,500,1540,41,7,554
142.002,,3,4,,515,821,526,1840,55,7,554
142.002,,5,4,,656,1042,621,2330,79,7,554
142.002,,7,4,,732,1261,859,2813,94,7,554
142.002,,9,4,,860,1416,1007,3202,88,7,554
142.002,,11,4,,788,1488,1073,3271,99,7,554
142.002,,13,4,,638,1614,1305,3467,115,7,554
142.002,,15,4,,630,1684,1367,3630,113,7,554
142.002,,17,4,,650,1677,1378,3646,121,7,554
142.002,,19,4,,629,1779,1451,3787,119,7,554
142.002,,21,4,,611,1833,1495,3897,104,7,554
142.002,,23,4,,462,1834,1444,3741,116,7,554
142.002,,25,4,,483,1893,1560,3909,126,7,554
142.002,,27,4,,555,2059,1625,4174,139,7,554
142.002,,29,4,,494,1941,1492,3932,178,7,554
142.002,,31,4,,504,2065,1594,4193,142,7,554
142.002,,33,4,,551,2124,1575,4188,142,7,554
142.002,,35,4,,460,1643,1190,3259,111,7,554
142.003,,1,4,,414,701,490,1579,47,7,555
142.003,,3,4,,481,861,642,1962,60,7,555
142.003,,5,4,,686,1079,898,2659,83,7,555
142.003,,7,4,,760,1312,1154,3189,81,7,555
142.003,,9,4,,779,1526,1335,3610,104,7,555
142.003,,11,4,,811,1524,1313,3621,108,7,555
142.003,,13,4,,738,1734,1547,3960,93,7,555
142.003,,15,4,,690,1847,1572,4107,115,7,555
142.003,,17,4,,675,1822,1513,4003,133,7,555
142.003,,19,4,,636,1959,1596,4200,135,7,555
142.003,,21,4,,683,1998,1659,4273,126,7,555
142.003,,23,4,,603,2043,1706,4340,133,7,555
142.003,,25,4,,654,2064,1678,4349,128,7,555
142.003,,27,4,,667,2125,1709,4464,118,7,555
142.003,,29,4,,666,2088,1765,4422,176,7,555
142.003,,31,4,,598,2119,1636,4298,130,7,555
142.003,,33,4,,564,2166,1518,4248,145,7,555
142.003,,35,4,,447,1708,1168,3298,135,7,555
142.003,,37,4,,486,2205,1246,3969,121,7,555
142.003,,39,4,,536,2312,1159,4016,150,7,555
142.003,,41,4,,535,2206,1129,3915,153,7,555
142.003,,43,4,,572,2326,1137,4000,140,7,555
142.003,,45,4,,530,2344,1127,3984,134,7,555
142.003,,47,4,,517,2067,995,3299,152,7,555
142.004,,1,4,,284,518,428,1227,34,7,556
142.004,,5,4,,596,1056,808,2426,78,7,556
142.004,,7,4,,674,1276,1044,2942,86,7,556
142.004,,9,4,,653,1500,1183,3310,99,7,556
142.004,,11,4,,677,1457,1139,3227,93,7,556
142.005,,1,4,,297,554,449,1309,44,7,557
142.005,,3,4,,469,841,650,1935,57,7,557
142.005,,5,4,,634,1094,842,2536,84,7,557
142.005,,7,4,,741,1310,1094,3177,88,7,557
142.005,,9,4,,680,1294,1111,3101,94,7,557
142.005,,11,4,,755,1505,1366,3616,105,7,557
142.005,,13,4,,748,1661,1416,3785,103,7,557
142.006,,1,4,,408,685,530,1583,41,7,558
142.006,,3,4,,517,831,642,2000,75,7,558
142.006,,5,4,,650,1085,881,2600,72,7,558
142.006,,7,4,,727,1294,1160,3193,82,7,558
142.006,,9,4,,705,1311,1111,3149,105,7,558
142.006,,11,4,,698,1481,1349,3463,94,7,558
142.006,,13,4,,656,1673,1488,3765,123,7,558
142.006,,15,4,,653,1643,1451,3722,141,7,558
142.006,,17,4,,582,1766,1509,3834,124,7,558
142.006,,19,4,,628,1874,1608,4106,125,7,558
142.006,,21,4,,593,1832,1499,3979,138,7,558
142.006,,23,4,,579,1844,1552,3908,121,7,558
142.006,,25,4,,555,1925,NA,NA,146,7,558
142.006,,27,4,,629,1969,NA,NA,148,7,558
143.001,,1,6,,281,509,448,1241,35,8,559
143.001,,3,6,,360,648,472,1480,50,8,559
143.001,,5,6,,577,1028,810,2405,66,8,559
143.001,,7,6,,684,1254,1099,2998,83,8,559
143.001,,9,6,,729,1505,1297,3536,73,8,559
143.001,,11,6,,756,1504,1272,3485,103,8,559
143.001,,13,6,,741,1709,1510,3930,105,8,559
143.001,,15,6,,662,1777,1544,4013,125,8,559
143.001,,17,6,,649,1843,1599,3983,131,8,559
143.001,,19,6,,653,1972,1726,4289,140,8,559
143.001,,21,6,,600,1995,1708,4302,124,8,559
143.001,,23,6,,546,2056,1695,4324,183,8,559
143.001,,25,6,,550,2221,887,889,116,8,559
143.001,,27,6,,584,2319,910,3713,141,8,559
143.001,,29,6,,578,2281,941,3789,132,8,559
143.001,,31,6,,562,2269,862,3762,165,8,559
143.001,,33,6,,554,2308,900,3753,158,8,559
143.001,,35,6,,471,1838,708,2955,104,8,559
143.001,,37,6,,520,2296,925,3704,145,8,559
143.001,,39,6,,540,2312,785,3629,149,8,559
143.001,,41,6,,551,2337,770,3661,165,8,559
143.001,,43,6,,531,NA,NA,NA,141,8,559
143.001,,45,6,,509,1973,593,3060,135,8,559
143.002,,1,6,,297,526,476,1273,37,8,560
143.002,,3,6,,461,801,647,1862,51,8,560
143.002,,5,6,,590,1011,844,2450,75,8,560
143.002,,7,6,,656,1231,1076,2939,84,8,560
143.002,,9,6,,683,1495,1250,3411,97,8,560
143.002,,11,6,,686,1508,1299,3461,104,8,560
143.003,,1,6,,271,506,447,1247,36,8,561
143.003,,3,6,,350,630,459,1426,44,8,561
143.003,,5,6,,573,1002,784,2358,89,8,561
143.003,,7,6,,652,1220,993,2837,78,8,561
143.004,,1,6,,275,502,392,1189,40,8,562
143.004,,5,6,,572,1047,865,2457,81,8,562
143.004,,7,6,,701,1291,1113,3099,97,8,562
143.004,,9,6,,746,1480,1258,3515,93,8,562
143.004,,11,6,,779,1517,1272,3513,102,8,562
143.005,,1,6,,277,521,453,1248,39,8,563
143.006,,1,6,,280,497,460,1211,33,8,564
143.006,,1,6,,305,557,465,1313,33,8,564
144.001,,1,7,,263,463,341,1056,38,9,565
144.002,,1,7,,310,534,479,1308,34,9,566
144.002,,3,7,,394,649,483,1517,52,9,566
144.003,,1,7,,322,535,466,1316,33,9,567
144.004,,1,7,,308,534,466,1320,35,9,568
144.004,,3,7,,394,652,471,1492,53,9,568
144.005,,1,7,,297,515,459,1270,36,9,569
145.001,,1,5,,407,654,488,1559,50,3,570
145.001,,3,5,,567,815,584,1974,59,3,570
145.002,,1,5,,441,668,512,1604,52,3,571
145.002,,3,5,,547,801,622,1950,61,3,571
145.002,,5,5,,685,1060,818,2533,69,3,571
145.002,,7,5,,721,1247,1047,3032,81,3,571
145.002,,9,5,,833,1506,1322,3611,84,3,571
145.002,,11,5,,830,1521,1318,3693,113,3,571
145.002,,13,5,,764,1729,1497,3947,102,3,571
145.002,,15,5,,707,1728,1482,3897,113,3,571
145.002,,17,5,,748,1901,1649,4261,112,3,571
145.002,,19,5,,705,1992,1639,4324,111,3,571
145.002,,21,5,,735,1991,1612,4290,139,3,571
145.002,,23,5,,705,1964,1617,4282,132,3,571
145.002,,25,5,,646,1983,1581,4221,136,3,571
145.002,,26,5,,679,1966,1511,4145,166,3,571
145.002,,29,5,,633,2115,1519,4226,118,3,571
145.002,,31,5,,605,2098,1549,4225,175,3,571
145.002,,33,5,,486,1719,1221,3454,137,3,571
145.003,,1,5,,433,671,507,1610,46,3,572
145.003,,3,5,,529,819,656,1996,57,3,572
145.003,,5,5,,657,1053,835,2533,76,3,572
145.003,,7,5,,756,1247,1087,3099,92,3,572
145.003,,11,5,,859,1538,1360,3741,94,3,572
145.003,,13,5,,816,1679,1529,3942,83,3,572
145.003,,15,5,,816,1674,1500,3979,126,3,572
145.003,,17,5,,748,1821,1514,3996,118,3,572
145.003,,19,5,,642,1847,1628,4080,109,3,572
145.003,,21,5,,687,1831,1644,4166,101,3,572
145.003,,23,5,,634,1944,1632,4196,129,3,572
145.003,,25,5,,599,1989,1641,4206,124,3,572
145.003,,27,5,,578,2066,1607,4261,128,3,572
145.003,,29,5,,610,2126,1673,4371,155,3,572
145.003,,31,5,,593,2116,1446,4079,134,3,572
145.003,,33,5,,469,1736,1269,3469,131,3,572
145.003,,35,5,,607,2254,1576,4385,137,3,572
145.003,,37,5,,541,2293,1483,4337,134,3,572
145.003,,39,5,,551,2187,1425,4147,143,3,572
145.003,,41,5,,567,2285,1437,4302,139,3,572
145.003,,43,5,,576,2250,1393,4240,124,3,572
145.003,,45,5,,578,2246,1336,4162,122,3,572
145.003,,47,5,,574,2255,1264,4063,148,3,572
145.003,,49,5,,559,2279,1274,4071,164,3,572
145.003,,51,5,,619,2367,1352,4271,159,3,572
145.003,,53,5,,574,2437,1353,4367,166,3,572
145.003,,55,5,,588,2385,1258,4228,157,3,572
145.004,,1,5,,402,671,515,1549,51,3,573
145.004,,3,5,,474,808,617,1896,68,3,573
145.004,,5,5,,617,1042,817,2462,83,3,573
145.004,,7,5,,730,1300,1034,3056,87,3,573
145.004,,9,5,,789,1515,1219,3486,110,3,573
145.004,,11,5,,709,1756,1464,3886,111,3,573
145.004,,13,5,,740,1691,1422,3835,122,3,573
145.004,,15,5,,715,1763,1504,3968,128,3,573
145.004,,17,5,,719,1823,1483,4062,157,3,573
145.004,,19,5,,696,1913,1531,4064,152,3,573
145.004,,21,5,,625,1996,1488,4058,163,3,573
145.004,,23,5,,606,1966,1514,4058,157,3,573
145.004,,25,5,,580,2076,1577,4195,174,3,573
145.004,,27,5,,558,2109,1527,4161,149,3,573
145.004,,29,5,,538,2027,1517,4174,158,3,573
145.004,,31,5,,557,2158,1334,4067,160,3,573
145.004,,33,5,,417,1751,1109,3300,164,3,573
146.001,,1,5,,412,666,514,1589,63,3,574
146.001,,3,5,,497,808,621,1930,65,3,574
146.001,,5,5,,616,1054,766,2412,105,3,574
146.001,,7,5,,716,1273,949,2946,107,3,574
146.001,,9,5,,753,1433,1113,3256,113,3,574
146.002,,1,5,,407,663,512,1585,62,3,575
146.002,,5,5,,642,988,830,2538,104,3,575
146.002,,7,5,,746,1207,1067,3092,120,3,575
146.002,,9,5,,745,1369,1181,3361,113,3,575
146.002,,11,5,,728,1391,1185,3376,125,3,575
146.002,,13,5,,674,1407,1293,3474,125,3,575
146.003,,1,5,,405,686,509,1579,62,3,576
146.003,,3,5,,494,828,651,1991,61,3,576
146.003,,5,5,,608,1065,822,2468,89,3,576
146.003,,7,5,,607,1066,838,2953,114,3,576
146.003,,9,5,,679,1433,1118,3182,107,3,576
146.003,,11,5,,713,1708,1369,3738,123,3,576
146.003,,13,5,,713,1742,1372,3742,144,3,576
146.003,,15,5,,640,1834,1529,4013,,3,576
146.003,,17,5,,645,1883,1516,3958,102,3,576
146.003,,19,5,,605,1968,1607,4061,110,3,576
146.003,,21,5,,574,1970,1588,4100,117,3,576
146.003,,23,5,,604,1957,1549,4068,131,3,576
146.003,,25,5,,600,2009,1644,4199,130,3,576
146.003,,27,5,,650,2059,1634,4236,154,3,576
146.003,,29,5,,596,2100,1722,4374,128,3,576
146.003,,31,5,,581,2095,1452,4141,152,3,576
146.003,,33,5,,484,1751,1271,3480,118,3,576
146.003,,35,5,,564,2178,1197,3950,128,3,576
146.003,,37,5,,497,2192,1107,3938,155,3,576
146.003,,39,5,,478,2325,1022,3785,127,3,576
146.003,,41,5,,502,2290,1074,3777,150,3,576
146.003,,43,5,,498,2338,968,3752,156,3,576
146.003,,45,5,,485,2330,991,3718,156,3,576
146.003,,47,5,,473,2001,911,3132,168,3,576
146.003,,49,5,,483,2135,863,3270,137,3,576
146.003,,51,5,,500,2220,913,3422,177,3,576
146.003,,53,5,,549,2248,851,3468,132,3,576
146.003,,55,5,,577,2260,860,3389,167,3,576
146.003,,57,5,,566,2103,878,3293,168,3,576
146.003,,59,5,,661,2123,777,3305,142,3,576
146.003,,61,5,,686,2111,898,3375,141,3,576
146.003,,63,5,,447,2000,745,2866,130,3,576
146.003,,65,5,,454,2019,778,2930,142,3,576
146.003,,67,5,,450,1980,647,2790,145,3,576
146.004,,1,5,,395,666,469,1552,40,3,577
146.004,,3,5,,489,821,624,1923,60,3,577
146.004,,5,5,,582,999,806,2391,73,3,577
146.004,,7,5,,695,1195,1011,2903,83,3,577
146.004,,9,5,,696,1408,1101,3200,98,3,577
146.004,,11,5,,721,1603,1344,3692,118,3,577
146.004,,13,5,,725,1646,1284,3685,119,3,577
146.004,,15,5,,673,1841,1495,3975,115,3,577
146.004,,17,5,,650,1859,1491,3986,115,3,577
146.004,,19,5,,619,1941,1453,4025,114,3,577
146.004,,21,5,,595,1979,1555,4109,150,3,577
146.004,,23,5,,587,2007,1583,4139,121,3,577
146.004,,25,5,,588,2102,1597,4270,146,3,577
146.004,,27,5,,610,2200,1576,4372,134,3,577
146.004,,29,5,,619,2170,1668,4317,140,3,577
146.004,,31,5,,557,2236,1533,4316,137,3,577
146.004,,33,5,,420,1719,1165,3305,99,3,577
146.004,,35,5,,537,2240,1504,4315,143,3,577
146.004,,37,5,,507,2305,1481,4251,149,3,577
146.004,,39,5,,511,2284,1419,4159,144,3,577
146.004,,41,5,,501,2305,1327,4177,137,3,577
146.004,,43,5,,486,2279,1385,4095,152,3,577
146.004,,45,5,,475,1953,1184,3386,160,3,577
146.004,,47,5,,451,2136,1040,3517,132,3,577
146.004,,49,5,,387,2228,813,3436,204,3,577
146.004,,51,5,,503,2199,795,3513,136,3,577
146.004,,53,5,,486,2335,692,3488,162,3,577
146.004,,55,5,,477,2294,645,3408,145,3,577
146.004,,57,5,,419,2251,690,3322,144,3,577
146.004,,59,5,,448,2274,668,3353,137,3,577
146.004,,1,5,,420,649,515,1591,52,3,577
146.005,,3,5,,507,803,619,1942,45,3,578
146.005,,5,5,,728,1021,827,2574,79,3,578
146.005,,7,5,,734,1230,1047,2977,83,3,578
146.005,,9,5,,712,1381,1112,3144,100,3,578
146.005,,1,5,,380,689,496,1552,37,3,578
147.001,,3,5,,473,858,600,1924,50,3,579
147.001,,5,5,,598,1047,790,2433,72,3,579
147.001,,7,5,,628,1231,948,2792,95,3,579
147.001,,9,5,,615,1468,1154,3245,86,3,579
147.001,,11,5,,581,1719,1364,3623,109,3,579
147.001,,13,5,,601,1674,1463,3665,109,3,579
147.001,,15,5,,597,1810,1584,3952,116,3,579
147.001,,17,5,,618,1804,1545,3898,106,3,579
147.001,,19,5,,625,1850,1601,3986,109,3,579
147.001,,21,5,,570,1927,1613,4149,131,3,579
147.001,,23,5,,624,1940,1701,4252,129,3,579
147.001,,25,5,,552,1984,1615,4168,137,3,579
147.001,,27,5,,584,2028,1580,4210,144,3,579
147.001,,29,5,,551,2075,1631,4204,135,3,579
147.001,,31,5,,410,1694,1171,3267,107,3,579
147.001,,33,5,,568,2219,1505,4285,136,3,579
147.001,,35,5,,516,2105,1432,4046,148,3,579
147.001,,37,5,,526,2204,1391,4106,128,3,579
147.001,,39,5,,492,2129,1345,4011,147,3,579
147.001,,41,5,,513,2251,1055,3777,141,3,579
147.001,,43,5,,519,2234,1036,3754,151,3,579
147.001,,45,5,,522,1830,973,3023,160,3,579
147.002,,1,5,,389,667,509,1569,42,3,580
147.002,,3,5,,481,807,604,1906,62,3,580
147.002,,5,5,,618,1052,820,2464,77,3,580
147.002,,7,5,,747,1263,1052,3041,100,3,580
147.002,,9,5,,708,1543,1276,3478,93,3,580
147.002,,11,5,,731,1537,1291,3576,101,3,580
147.002,,13,5,,658,1762,1516,3921,113,3,580
147.002,,15,5,,620,1879,1583,4059,113,3,580
147.002,,17,5,,625,1869,1568,4001,167,3,580
147.002,,19,5,,616,1883,1501,3951,108,3,580
147.002,,21,5,,546,1959,1569,4071,128,3,580
147.002,,23,5,,590,1992,1566,4214,140,3,580
147.002,,25,5,,561,2060,1692,4291,134,3,580
147.002,,27,5,,563,2088,1575,4242,124,3,580
147.002,,29,5,,592,2088,1622,4190,141,3,580
147.002,,31,5,,436,1733,1146,3283,106,3,580
147.002,,33,5,,567,2030,1414,3984,123,3,580
147.002,,35,5,,582,2077,1496,4084,124,3,580
147.002,,37,5,,611,2105,1221,3929,140,3,580
147.002,,39,5,,605,2063,1154,3843,101,3,580
147.002,,41,5,,485,2007,929,3566,146,3,580
147.002,,43,5,,586,2113,1077,3666,138,3,580
147.002,,45,5,,539,2038,851,3410,128,3,580
147.003,,1,5,,395,680,493,1558,54,3,581
147.003,,3,5,,515,840,595,1898,51,3,581
147.003,,5,5,,594,1051,797,2428,52,3,581
147.003,,7,5,,694,1300,1018,3028,108,3,581
147.003,,9,5,,745,1544,1215,3492,88,3,581
147.003,,11,5,,769,1544,1206,3515,96,3,581
147.003,,13,5,,635,1744,1441,3755,107,3,581
147.003,,15,5,,648,1873,1493,4009,113,3,581
147.003,,17,5,,714,1853,1510,4046,108,3,581
147.003,,19,5,,683,1910,1582,4169,121,3,581
147.003,,21,5,,669,1948,1514,4116,138,3,581
147.003,,23,5,,664,2071,1648,4312,141,3,581
147.003,,25,5,,558,2102,1737,4311,125,3,581
147.003,,27,5,,559,2071,1527,4204,148,3,581
147.003,,29,5,,574,2088,1602,4238,131,3,581
147.003,,31,5,,437,1753,1273,3417,105,3,581
147.003,,33,5,,546,2094,1426,4084,134,3,581
147.003,,35,5,,543,2168,1378,4110,141,3,581
147.003,,37,5,,530,2218,1277,4086,124,3,581
147.003,,39,5,,494,2154,1272,3934,139,3,581
147.003,,41,5,,585,2233,1198,3984,131,3,581
147.003,,43,5,,532,2276,975,3820,125,3,581
147.003,,45,5,,523,2234,832,3549,146,3,581
147.003,,47,5,,504,2291,866,3662,137,3,581
147.003,,49,5,,532,2301,851,3662,143,3,581
147.003,,51,5,,601,2370,898,3890,123,3,581
147.003,,53,5,,564,2342,1012,3910,154,3,581
147.003,,55,5,,513,2277,861,3707,164,3,581
147.003,,57,5,,560,2276,940,3791,130,3,581
147.004,,1,5,,388,673,502,1532,47,3,582
147.004,,3,5,,475,830,479,1703,59,3,582
147.004,,5,5,,607,1046,779,2423,81,3,582
147.004,,7,5,,511,977,720,2191,74,3,582
147.004,,9,5,,715,1474,1164,3330,98,3,582
147.004,,11,5,,719,1502,1196,3386,96,3,582
147.004,,13,5,,712,1715,1378,3799,111,3,582
147.004,,15,5,,634,1889,1476,3991,106,3,582
147.004,,17,5,,643,1819,1420,3842,91,3,582
147.004,,19,5,,565,1867,1470,3900,119,3,582
147.004,,21,5,,572,1973,1432,4005,127,3,582
147.004,,23,5,,617,2097,1556,4201,133,3,582
147.004,,25,5,,555,2110,1422,4128,130,3,582
147.004,,27,5,,562,2098,1503,4130,136,3,582
147.004,,29,5,,554,2109,1515,4144,146,3,582
147.004,,31,5,,423,1751,1193,3323,100,3,582
147.004,,33,5,,498,2207,1415,4083,134,3,582
147.004,,35,5,,543,2250,1480,4242,159,3,582
147.004,,37,5,,531,2294,1454,4194,116,3,582
147.004,,39,5,,544,2290,1346,4116,158,3,582
147.004,,41,5,,477,2286,1370,4122,154,3,582
147.004,,43,5,,461,2265,898,3603,166,3,582
147.004,,45,5,,543,2298,1060,3801,153,3,582
147.004,,47,5,,499,2330,863,3648,163,3,582
147.004,,49,5,,498,2406,911,3762,115,3,582
147.004,,51,5,,493,2456,870,3753,130,3,582
147.004,,53,5,,503,2396,811,3646,127,3,582
147.004,,55,5,,478,2355,756,3549,150,3,582
147.004,,57,5,,494,2308,680,3459,143,3,582
147.004,,59,5,,485,2298,673,3450,128,3,582
147.004,,61,5,,445,1951,612,2861,147,3,582
147.004,,63,5,,424,1866,632,2869,137,3,582
147.004,,65,5,,448,1949,565,2795,143,3,582
148.001,,1,4,,334,555,503,1366,42,7,583
148.001,,3,4,,581,833,690,2073,55,7,583
148.001,,7,4,,891,1322,1251,3408,83,7,583
148.001,,9,4,,905,1571,1480,3636,93,7,583
148.001,,11,4,,917,1544,1464,3913,107,7,583
148.001,,13,4,,827,1741,1626,4145,109,7,583
148.001,,15,4,,820,1790,1704,4312,107,7,583
148.001,,17,4,,840,1790,1736,4354,107,7,583
148.001,,19,4,,808,1840,1762,4408,128,7,583
148.001,,21,4,,849,1866,1811,4512,126,7,583
148.001,,23,4,,730,1900,1745,4352,127,7,583
148.001,,25,4,,812,1989,1715,4473,110,7,583
148.001,,27,4,,755,1932,1624,4340,137,7,583
148.001,,29,4,,577,1617,1360,3487,97,7,583
148.001,,31,4,,846,1996,1494,4409,134,7,583
148.001,,33,4,,760,2075,1578,4395,119,7,583
148.001,,35,4,,704,2114,1366,4257,128,7,583
148.001,,37,4,,742,2169,1347,4251,119,7,583
148.001,,39,4,,742,2094,1077,3926,158,7,583
148.001,,41,4,,706,2135,1155,3977,140,7,583
148.001,,43,4,,686,2129,1049,3893,120,7,583
148.001,,45,4,,650,2075,985,3709,163,7,583
148.001,,47,4,,744,2224,1068,4060,124,7,583
148.001,,49,4,,752,2253,1122,4083,148,7,583
148.001,,51,4,,693,2224,1164,4089,114,7,583
148.001,,53,4,,694,2212,1051,3974,140,7,583
148.001,,55,4,,640,2179,1022,3822,113,7,583
148.001,,57,4,,696,2152,1167,3980,134,7,583
148.001,,59,4,,574,2018,896,3487,115,7,583
148.001,,61,4,,608,2139,883,3669,144,7,583
148.001,,63,4,,598,2071,767,3420,122,7,583
148.001,,65,4,,603,2271,759,3640,145,7,583
148.001,,67,4,,559,2247,766,3582,139,7,583
148.002,,1,4,,309,534,476,1294,42,7,584
148.002,,3,4,,513,778,625,1919,53,7,584
148.002,,5,4,,616,950,780,2098,62,7,584
148.002,,7,4,,713,1164,1026,2873,67,7,584
148.002,,9,4,,816,1439,1255,3510,104,7,584
148.002,,11,4,,833,1447,1273,3497,96,7,584
148.002,,13,4,,772,1646,1439,3836,104,7,584
148.002,,15,4,,651,1717,1542,3886,93,7,584
148.002,,17,4,,754,1712,1535,3973,105,7,584
148.002,,19,4,,612,1761,1754,4086,121,7,584
148.002,,21,4,,744,1907,1744,4338,147,7,584
149.001,,1,4,,319,646,428,1400,42,7,585
149.002,,1,4,,389,694,494,1561,42,7,586
149.002,,3,4,,489,842,627,1947,62,7,586
149.002,,5,4,,587,1054,795,2411,74,7,586
149.002,,7,4,,669,1270,932,2849,76,7,586
149.002,,9,4,,634,1464,1118,3212,96,7,586
149.002,,11,4,,640,1460,1135,3208,105,7,586
149.002,,13,4,,492,1666,1323,3496,98,7,586
149.003,,1,4,,390,718,505,1605,52,7,587
149.003,,3,4,,524,897,630,2042,56,7,587
149.003,,5,4,,605,1182,829,2682,76,7,587
149.003,,7,4,,629,1329,1014,2944,95,7,587
149.003,,9,4,,626,1544,1147,3284,92,7,587
149.003,,11,4,,659,1650,1299,3625,93,7,587
149.003,,13,4,,657,1679,1378,3731,107,7,587
149.003,,15,4,,633,1815,1445,3809,138,7,587
149.003,,17,4,,615,1963,1486,4025,94,7,587
149.003,,19,4,,633,1914,1490,4021,114,7,587
149.003,,21,4,,494,1596,1273,3338,102,7,587
149.003,,23,4,,594,2057,1570,4186,111,7,587
149.004,,1,4,,372,710,494,1585,53,7,588
149.004,,3,4,,500,873,585,1950,67,7,588
149.004,,5,4,,590,1135,833,2552,79,7,588
149.004,,7,4,,621,1305,1002,2890,82,7,588
149.004,,9,4,,647,1457,1082,3175,108,7,588
149.004,,11,4,,639,1592,1243,3491,108,7,588
149.004,,13,4,,667,1672,1352,3671,105,7,588
149.004,,15,4,,641,1772,1394,3743,119,7,588
149.004,,17,4,,577,1844,1351,3801,119,7,588
149.004,,19,4,,550,1888,1338,3737,114,7,588
149.004,,21,4,,458,1524,1162,3108,96,7,588
149.005,,1,4,,394,707,514,1639,44,7,589
149.005,,3,4,,498,896,611,1994,62,7,589
149.005,,5,4,,591,1129,806,2510,77,7,589
149.005,,7,4,,630,1313,983,2877,89,7,589
149.005,,9,4,,632,1476,1134,3212,100,7,589
149.005,,11,4,,642,1622,1363,3589,107,7,589
149.005,,13,4,,683,1692,1448,3715,111,7,589
149.005,,15,4,,601,1762,1547,3870,125,7,589
149.005,,17,4,,627,1855,1528,4011,117,7,589
149.005,,19,4,,615,1884,1555,4072,125,7,589
149.005,,21,4,,500,1604,1398,3463,91,7,589
149.005,,23,4,,585,2106,1687,4354,128,7,589
149.005,,25,4,,546,2033,1736,4294,129,7,589
149.005,,27,4,,543,2089,1695,4318,138,7,589
149.005,,29,4,,559,2100,1645,4251,128,7,589
149.005,,31,4,,547,2185,1631,4308,143,7,589
149.005,,33,4,,563,2146,1482,4186,150,7,589
149.005,,35,4,,509,2147,1492,4155,154,7,589
149.005,,37,4,,511,2174,1444,4093,157,7,589
149.005,,39,4,,500,2361,1542,4425,150,7,589
149.005,,41,4,,494,2250,1336,4021,102,7,589
149.005,,43,4,,490,2275,1358,4149,138,7,589
149.005,,45,4,,483,2233,1222,3863,137,7,589
149.005,,47,4,,437,2263,1087,3881,138,7,589
149.005,,49,4,,433,1941,1025,3148,143,7,589
149.005,,51,4,,458,1829,946,2990,149,7,589
149.005,,53,4,,403,1872,924,2871,135,7,589
149.005,,55,4,,416,1850,773,2736,137,7,589
149.005,,57,4,,390,1981,709,2890,127,7,589
149.005,,59,4,,421,1950,803,2992,129,7,589
149.006,,1,4,,387,707,482,1560,54,7,590
149.006,,3,4,,515,875,619,1998,55,7,590
149.006,,5,4,,604,1108,818,2507,89,7,590
149.006,,7,4,,624,1303,982,2887,88,7,590
149.006,,9,4,,619,1486,1073,3186,99,7,590
149.006,,11,4,,660,1656,1276,3676,115,7,590
149.006,,13,4,,690,1724,1316,3960,117,7,590
149.006,,15,4,,548,1758,1332,3605,99,7,590
149.006,,17,4,,597,1853,1467,3842,125,7,590
149.006,,19,4,,571,1861,1488,3859,130,7,590
150.001,,1,5,,293,585,440,1324,33,7,591
150.001,,3,5,,416,744,531,1681,54,7,591
150.001,,5,5,,497,887,662,1994,73,7,591
150.001,,7,5,,590,1115,887,2540,87,7,591
150.001,,9,5,,661,1323,1078,3045,97,7,591
150.001,,11,5,,642,1553,1291,3418,113,7,591
150.001,,13,5,,703,1627,1292,3572,93,7,591
150.002,,1,5,,300,578,462,1323,31,7,592
150.002,,3,5,,437,720,525,1655,58,7,592
150.002,,5,5,,514,897,660,2045,71,7,592
150.002,,7,5,,622,1135,959,2657,88,7,592
150.002,,9,5,,668,1335,1148,3111,93,7,592
150.002,,11,5,,678,1536,1294,3457,98,7,592
150.002,,13,5,,689,1626,1347,3576,98,7,592
150.003,,1,5,,284,569,437,1283,38,7,593
150.003,,3,5,,424,727,524,1657,58,7,593
150.003,,5,5,,516,932,680,2110,74,7,593
150.003,,7,5,,599,1155,889,2606,79,7,593
150.003,,9,5,,648,1396,1114,3166,95,7,593
150.003,,11,5,,631,1512,1255,3376,95,7,593
150.003,,13,5,,665,1600,1255,3511,108,7,593
150.003,,15,5,,640,1728,1431,3775,117,7,593
150.003,,17,5,,593,1889,1482,3980,105,7,593
150.003,,19,5,,642,1861,1445,3931,95,7,593
150.003,,21,5,,423,1554,1269,3186,99,7,593
150.003,,23,5,,543,2049,1528,4099,143,7,593
150.003,,25,5,,546,2043,1647,4181,141,7,593
150.003,,27,5,,509,2129,1522,4109,134,7,593
150.003,,29,5,,468,2158,1374,3943,128,7,593
150.003,,31,5,,471,2171,1372,3983,135,7,593
150.003,,33,5,,490,2188,679,3349,133,7,593
150.003,,35,5,,468,2253,837,3524,131,7,593
150.003,,37,5,,444,2291,872,3535,130,7,593
150.003,,39,5,,517,2359,862,3734,171,7,593
150.003,,41,5,,548,2390,926,3728,124,7,593
150.003,,43,5,,483,2394,839,3722,176,7,593
150.003,,45,5,,474,2173,818,3461,148,7,593
150.003,,47,5,,478,2301,673,3402,139,7,593
150.003,,49,5,,502,2314,829,3601,172,7,593
150.003,,51,5,,444,2165,735,3312,127,7,593
150.004,,1,5,,296,560,425,1314,38,7,594
150.004,,3,5,,406,684,500,1569,42,7,594
150.004,,5,5,,515,853,615,1960,66,7,594
150.004,,7,5,,563,1016,768,2324,68,7,594
150.004,,9,5,,602,1186,908,2652,96,7,594
150.004,,11,5,,601,1392,1088,3002,95,7,594
150.004,,13,5,,677,1665,1356,3664,115,7,594
150.004,,15,5,,673,1592,1409,3647,93,7,594
150.004,,17,5,,709,1768,1475,3909,106,7,594
150.004,,19,5,,620,1850,1490,3956,136,7,594
150.004,,21,5,,495,1475,1339,3250,89,7,594
150.004,,23,5,,647,1981,1580,4155,108,7,594
150.004,,25,5,,606,2010,1552,4179,143,7,594
150.004,,27,5,,622,2034,1549,4197,121,7,594
150.004,,29,5,,513,2004,1434,3970,146,7,594
150.004,,31,5,,518,2072,1461,4022,138,7,594
151.001,,1,5,,262,536,393,1214,35,7,595
151.001,,5,5,,497,858,623,1995,58,7,595
151.001,,7,5,,686,1263,1053,2981,85,7,595
151.001,,9,5,,734,1482,1204,3417,85,7,595
151.001,,11,5,,689,1502,1238,3385,105,7,595
151.001,,13,5,,761,1665,1243,3672,105,7,595
151.001,,15,5,,681,1834,1423,3854,107,7,595
151.001,,17,5,,630,1783,1411,3819,106,7,595
151.001,,19,5,,674,1886,1413,3953,115,7,595
151.001,,21,5,,438,1658,1166,3205,98,7,595
151.001,,23,5,,546,1986,1549,3988,114,7,595
151.001,,25,5,,583,2055,1436,4067,137,7,595
151.001,,27,5,,528,2148,1414,4102,129,7,595
151.001,,29,5,,488,2058,1349,3915,129,7,595
151.001,,31,5,,478,2059,1362,3932,147,7,595
151.001,,33,5,,535,2239,1412,4173,145,7,595
151.002,,1,5,,282,542,398,1210,39,7,596
151.002,,3,5,,392,672,471,1491,52,7,596
151.002,,5,5,,484,800,581,1824,56,7,596
151.002,,7,5,,623,1216,954,2808,77,7,596
151.002,,9,5,,623,1468,1125,3195,93,7,596
151.002,,11,5,,614,1436,1115,3142,89,7,596
151.002,,13,5,,661,1708,1387,3704,105,7,596
151.003,,1,5,,264,546,419,1223,37,7,597
151.004,,1,5,,288,530,378,1174,37,7,598
151.004,,3,5,,366,665,425,1453,54,7,598
151.004,,5,5,,465,797,519,2784,72,7,598
151.004,,7,5,,619,1236,865,2708,79,7,598
151.004,,9,5,,641,1428,1076,3116,78,7,598
151.004,,11,5,,631,1413,1054,3116,101,7,598
151.004,,13,5,,655,1648,1287,3576,92,7,598
151.004,,15,5,,683,1769,1452,3905,96,7,598
151.004,,17,5,,735,1825,1417,4008,110,7,598
152,,1,5,,244,542,397,1227,41,7,599
152.002,,1,5,,278,555,408,1229,35,7,600
152.003,,1,5,,292,563,427,1273,38,7,601